ID,Review,Year,Journal,DOI,Capacitor_Type,Converter_Type,Failure_Physics,ESR,Capacitance,Impedance,Temperature,Online_Estimation,Fault_Diagnosis,SOH,RUL,Physics_Based,Data_Driven,Physics_Informed,Digital_Twin,Uncertainty,Embedded_Deployment,Additional_Sensors,Intrusiveness,Industrial_Deployability,Capability_Ladder,Own_Benchmark,Main_Taxonomy,Main_Limitation,Evidence_Level
R01,Wang & Blaabjerg — Reliability of Capacitors for DC-Link Applications: An Overview,2014,IEEE Trans. Ind. Appl. 50(5) 3569-3578,10.1109/TIA.2014.2308357,Al-Cap / MPPF / MLCC,DC-link (generic),Y,Y,Y,P,P,P,N,N,N,Y,N,N,N,P,N,P,N,P,N,N,Capacitor type x (reliability-oriented design | condition monitoring),"Monitoring is one sub-section; predates data-driven era; lifetime models serve design not online RUL",FULLTEXT
R02,"Soliman, Wang & Blaabjerg — A Review of the Condition Monitoring of Capacitors in Power Electronic Converters",2016,IEEE Trans. Ind. Appl. 52(6) 4976-4989,10.1109/TIA.2016.2591906,Al-Cap / MPPF,Generic converters,P,Y,Y,Y,P,Y,P,N,N,P,N,N,N,N,N,P,P,P,N,N,CM method family (capacitor-model | circuit-model | data-driven signal),"SOH=0 RUL=2 occurrences; stops at parameter estimation; no prognostics layer; pre-deep-learning",FULLTEXT
R03,Dang & Kwak — Review of Health Monitoring Techniques for Capacitors Used in Power Electronics Converters,2020,Sensors 20(13) 3740,10.3390/s20133740,Al-Cap (dominant),DC-link / inverters,P,Y,Y,P,P,Y,P,N,N,P,P,N,N,N,N,P,P,N,N,N,Estimated parameter (ESR | C) x measurement principle,"SOH=0 RUL=0; no degradation-process modelling; no deployability axis",FULLTEXT
R04,Nathan et al. — Review of condition monitoring methods for capacitors used in power converters,2023,Microelectronics Reliability 145 115003,10.1016/j.microrel.2023.115003,Al-Cap / film,Generic converters,P,Y,Y,P,P,Y,Y,N,P,P,P,N,N,N,N,P,P,P,N,N,CM method family + ANN-based predictive maintenance,"SOH=0 RUL=2; ML treated as a method list; no capability discrimination; no uncertainty",FULLTEXT
R05,Muhammed Ramees & Ahmad — Advances in Capacitor Health Monitoring Techniques for Power Converters: A Review,2023,IEEE Access 11 133540-133576,10.1109/ACCESS.2023.3336986,Al-Cap / film,DC-DC / DC-AC / AC-DC-AC / MMC,N,Y,Y,Y,P,Y,P,N,N,P,P,N,N,P,P,Y,P,P,N,N,Converter topology x output-filter type (C | LC | both) x offline/online,"SOH=0; organised by topology not capability; BEST deployability data of any review (tabulates additional-sensor 40x, sampling rate 20x, processor 14x) but never integrates them into an axis",FULLTEXT
R06,"Torki, Joubert & Sari — Electrolytic capacitor: Properties and operation",2023,Journal of Energy Storage 58 106330,10.1016/j.est.2022.106330,Al-Cap / Ta / hybrid,Component level (not converter),Y,Y,Y,Y,Y,P,N,P,P,Y,N,N,N,N,N,N,N,N,N,N,Component physics: construction / properties / ageing laws / predictive maintenance,"Component-centric not converter-centric; SOH=1 RUL=6; no online estimation in a running converter; no algorithmic taxonomy",FULLTEXT
R07,Fassi et al. — Toward Physics-Informed ML-Based Predictive Maintenance for Power Converters: A Review,2024,IEEE Trans. Power Electron. 39(2) 2692-2720,10.1109/TPEL.2023.3328438,Capacitors as ONE of several components,Power converters (component-agnostic),Y,P,P,N,P,P,Y,N,Y,Y,Y,Y,P,Y,N,N,N,N,P,N,Paradigm: analytical | data-driven | physics-informed ML; §IV split CM / FDD / RUL,"Not capacitor-specific (shares space with semiconductors, solder, PCB); RUL section is IGBT-dominated; SOH=1; execution-time=2 memory=0 additional-sensor=0 — no deployability analysis; §IV is a topical split within one paradigm, not a graded axis",FULLTEXT
R08,Yu et al. — Review of Health Monitoring Techniques for Capacitors in Modular Multilevel Converters,2025,IEEE Trans. Power Electron. 40(9) 13363-13382,10.1109/TPEL.2025.3571897,Submodule capacitors (film/Al),MMC only,P,Y,Y,Y,Y,Y,P,N,N,P,P,N,P,P,P,P,P,P,N,Y,MMC CM method category (direct | indirect) x implementation,"Single topology (MMC); SOH=0 RUL=0 prognostics=0 — a 2025 review with zero prognostic content; carries a 5-method PSCAD benchmark but accuracy-only (SNR + load), no timing/memory/processor",FULLTEXT
R09,"Zhao, Davari, Lu, Wang & Blaabjerg — An Overview of Condition Monitoring Techniques for Capacitors in DC-Link Applications",2021,IEEE Trans. Power Electron. 36(4) 3692-3716,10.1109/TPEL.2020.3023469,Al-Cap / MPPF / MLCC,DC-link (ASD | PV | PFC | DC-DC),P,Y,Y,Y,P,Y,P,N,N,P,P,N,P,P,N,P,P,P,N,N,Application domain (ASD | PV inverter | PFC | DC-DC) x CM derivation principle (I | II | III),"SOH=0 RUL=3 prognostics=3; physics-informed=0; execution-time=0 memory=0 computational-cost=0; organised by application not capability; 252 citations makes it the most-cited capacitor CM review after Wang 2014",FULLTEXT
