tier,level,n_reviews,doi,title,authors,journal,year,type,publisher,why_full_text_needed,target_folder
T1,7,2,10.1109/tie.2016.2586020,Lifetime Monitoring of Electrolytic Capacitor to Maximize Earnings From Grid-Feeding PV System,Agarwal Nikunj; Arya Abhinav; Ahmad Md Waseem; Anand Sandeep,IEEE Transactions on Industrial Electronics,2016,journal-article,IEEE Xplore,Section 5-6 prognostics chapter: the entire evidence base,04_SOH_RUL_Prognostics
T1,7,1,10.1109/phm.2011.5939474,Degradation model and maintenance strategy of the electrolytic capacitors for electronics applications,Yuege Zhou; Xuerong Ye; Guofu Zhai,2011 Prognostics and System Health Managment Confernece,2011,proceedings-article,Elsevier / other,Section 5-6 prognostics chapter: the entire evidence base,04_SOH_RUL_Prognostics
T1,6,6,10.1109/tia.2010.2049972,A Real-Time Predictive-Maintenance System of Aluminum Electrolytic Capacitors Used in Uninterrupted Power Supplies,Abdennadher Karim; Venet Pascal; Rojat Gérard; Retif Jean-Marie et al.,IEEE Transactions on Industry Applications,2010,journal-article,IEEE Xplore,Section 5-6 prognostics chapter: the entire evidence base,04_SOH_RUL_Prognostics
T1,6,4,10.1109/tia.2005.858258,Life Prediction Modeling of Bus Capacitors in AC Variable-Frequency Drives,Gasperi M.L.,IEEE Transactions on Industry Applications,2005,journal-article,IEEE Xplore,Section 5-6 prognostics chapter: the entire evidence base,04_SOH_RUL_Prognostics
T1,6,3,10.1109/tpel.2018.2865710,Mission Profile Based Reliability Evaluation of Capacitor Banks in Wind Power Converters,Zhou Dao; Song Yipeng; Liu Yang; Blaabjerg Frede,IEEE Transactions on Power Electronics,2019,journal-article,IEEE Xplore,Section 5-6 prognostics chapter: the entire evidence base,04_SOH_RUL_Prognostics
T1,6,2,10.1109/tie.2016.2581156,PoF-Simulation-Assisted Reliability Prediction for Electrolytic Capacitor in LED Drivers,Sun Bo; Fan Xuejun; Qian Cheng; Zhang Guoqi,IEEE Transactions on Industrial Electronics,2016,journal-article,IEEE Xplore,Section 5-6 prognostics chapter: the entire evidence base,04_SOH_RUL_Prognostics
T1,6,2,10.1177/1687814018781170,An intelligent prognostic model for electrolytic capacitors health monitoring: A design of experiments approach,Bhargava Cherry; Banga Vijay Kumar; Singh Yaduvir,Advances in Mechanical Engineering,2018,journal-article,Elsevier / other,Section 5-6 prognostics chapter: the entire evidence base,04_SOH_RUL_Prognostics
T1,6,1,10.1109/tpel.2014.2360662,"Computationally Efficient, Real-Time, and Embeddable Prognostic Techniques for Power Electronics",Alghassi Alireza; Perinpanayagam Suresh; Samie Mohammad; Sreenuch Tarapong,IEEE Transactions on Power Electronics,2015,journal-article,IEEE Xplore,Section 5-6 prognostics chapter: the entire evidence base,04_SOH_RUL_Prognostics
T1,6,1,10.1109/ias.1996.559241,Life prediction model for aluminum electrolytic capacitors,Gasperi M.L.,IAS '96. Conference Record of the 1996 IEEE Industry Applications Conference Thirty-First ,,proceedings-article,IEEE Xplore,Section 5-6 prognostics chapter: the entire evidence base,04_SOH_RUL_Prognostics
T1,6,1,10.1109/apec.2010.5433384,A life prediction scheme for electrolytic capacitors in power converters without current sensor,Pang H. M.; Bryan Pong M. H.,2010 Twenty-Fifth Annual IEEE Applied Power Electronics Conference and Exposition (APEC),2010,proceedings-article,IEEE Xplore,Section 5-6 prognostics chapter: the entire evidence base,04_SOH_RUL_Prognostics
T1,6,1,10.1109/tps.2013.2243476,Lifetime Prediction of Metallized Film Capacitors Based on Capacitance Loss,Li Zhiwei; Li Hua; Lin Fuchang; Chen Yaohong et al.,IEEE Transactions on Plasma Science,2013,journal-article,IEEE Xplore,Section 5-6 prognostics chapter: the entire evidence base,04_SOH_RUL_Prognostics
T1,6,1,10.1049/iet-pel.2015.0636,Fractional order equivalent series resistance modelling of electrolytic capacitor and fractional order failure prediction with application to predictive maintenance,Malek Hadi; Dadras Sara; Chen Yangquan,IET Power Electronics,2016,journal-article,IET,Section 5-6 prognostics chapter: the entire evidence base,04_SOH_RUL_Prognostics
T1,6,1,10.1016/j.microrel.2018.05.020,Adaptive and robust prediction for the remaining useful life of electrolytic capacitors,Qin Qi; Zhao Shuai; Chen Shaowei; Huang Dengshan et al.,Microelectronics Reliability,2018,journal-article,Elsevier / other,Section 5-6 prognostics chapter: the entire evidence base,04_SOH_RUL_Prognostics
T1,6,1,10.1016/j.microrel.2023.114928,A remaining useful life prediction method of aluminum electrolytic capacitor based on wiener process and similarity measurement,Zhao Jin; Zhou Yang; Zhu Qi; Song Yujin et al.,Microelectronics Reliability,2023,journal-article,Elsevier / other,Section 5-6 prognostics chapter: the entire evidence base,04_SOH_RUL_Prognostics
T1,6,1,10.1109/tdmr.2011.2162517,Prognostics of Multilayer Ceramic Capacitors Via the Parameter Residuals,Sun Jianzhong; Cheng Shunfeng; Pecht Michael,IEEE Transactions on Device and Materials Reliability,2012,journal-article,IEEE Xplore,Section 5-6 prognostics chapter: the entire evidence base,04_SOH_RUL_Prognostics
T1,6,1,10.2514/6.2011-1519,Towards Prognostics of Electrolytic Capacitors,Celaya Jose; Kulkarni Chetan; Goebel Kai; Biswas Gautam,Infotech@Aerospace 2011,2011,proceedings-article,Elsevier / other,Section 5-6 prognostics chapter: the entire evidence base,04_SOH_RUL_Prognostics
T1,6,1,10.1109/med48518.2020.9182829,Zonotopic Extended Kalman Filter For RUL Forecasting With Unknown Degradation Behaviors,Al-Mohamad Ahmad; Puig Vicenc; Hoblos Ghaleb,2020 28th Mediterranean Conference on Control and Automation (MED),2020,proceedings-article,Elsevier / other,Section 5-6 prognostics chapter: the entire evidence base,04_SOH_RUL_Prognostics
T2,4,4,10.1109/tie.2018.2880725,Health Estimation of Individual Capacitors in a Bank With Reduced Sensor Requirements,Gupta Yugal; Ahmad Md. Waseem; Narale Sagar; Anand Sandeep,IEEE Transactions on Industrial Electronics,2019,journal-article,IEEE Xplore,diagnosis/severity rungs of the capability ladder,03_CM_ParameterEstimation
T2,3,6,10.1109/63.261004,Use of ESR for deterioration diagnosis of electrolytic capacitor,Harada K.; Katsuki A.; Fujiwara M.,IEEE Transactions on Power Electronics,1993,journal-article,IEEE Xplore,diagnosis/severity rungs of the capability ladder,03_CM_ParameterEstimation
T2,3,6,10.1109/2943.974353,Realization of a Smart: Electrolytic Capacitor Circuit: Electrolytic Capacitor Circuits that can Signal their Own Worn-Out State Have Arrived,Venet P.; Perisse F.; El-Husseini M. H.; Rojat G.,IEEE Industry Applications Magazine,2002,journal-article,IEEE Xplore,diagnosis/severity rungs of the capability ladder,03_CM_ParameterEstimation
T2,3,5,10.1109/tie.2012.2218561,Fault Diagnosis of DC-Link Capacitors in Three-Phase AC/DC PWM Converters by Online Estimation of Equivalent Series Resistance,Pu Xing-Si; Nguyen Thanh Hai; Lee Dong-Choon; Lee Kyo-Beum et al.,IEEE Transactions on Industrial Electronics,2013,journal-article,IEEE Xplore,diagnosis/severity rungs of the capability ladder,03_CM_ParameterEstimation
T2,3,4,10.1109/63.728347,Failure prediction of electrolytic capacitors during operation of a switchmode power supply,Lahyani A.; Venet P.; Grellet G.; Viverge P.-J.,IEEE Transactions on Power Electronics,1998,journal-article,IEEE Xplore,diagnosis/severity rungs of the capability ladder,03_CM_ParameterEstimation
T2,3,4,10.1109/tie.2007.903975,Online Failure Prediction of the Electrolytic Capacitor for LC Filter of Switching-Mode Power Converters,Chen Yaow-Ming; Wu Hsu-Chin; Chou Ming-Wei; Lee Kung-Yen,IEEE Transactions on Industrial Electronics,2008,journal-article,IEEE Xplore,diagnosis/severity rungs of the capability ladder,03_CM_ParameterEstimation
T3,2,6,10.1109/tia.2012.2222333,Condition Monitoring of DC-Link Capacitors in Aerospace Drives,Wechsler Andrew; Mecrow Barrie C.; Atkinson David J.; Bennett John W. et al.,IEEE Transactions on Industry Applications,2012,journal-article,IEEE Xplore,Section 4 + method comparison table + deployability field extraction,03_CM_ParameterEstimation
T3,2,5,10.1109/tpel.2010.2059713,Life-Cycle Monitoring and Voltage-Managing Unit for DC-Link Electrolytic Capacitors in PWM Converters,Vogelsberger Markus A.; Wiesinger Thomas; Ertl Hans,IEEE Transactions on Power Electronics,2011,journal-article,IEEE Xplore,Section 4 + method comparison table + deployability field extraction,03_CM_ParameterEstimation
T3,2,5,10.1109/tie.2009.2022077,A Simple Offline Technique for Evaluating the Condition of Aluminum–Electrolytic–Capacitors,Amaral A.M.R.; Cardoso A.J.M.,IEEE Transactions on Industrial Electronics,2009,journal-article,IEEE Xplore,Section 4 + method comparison table + deployability field extraction,03_CM_ParameterEstimation
T3,2,5,10.1109/tpel.2017.2736162,Quasi-Online Technique for Health Monitoring of Capacitor in Single-Phase Solar Inverter,Agarwal Nikunj; Ahmad Md Waseem; Anand Sandeep,IEEE Transactions on Power Electronics,2018,journal-article,IEEE Xplore,Section 4 + method comparison table + deployability field extraction,03_CM_ParameterEstimation
T3,2,5,10.1109/pesc.2005.1582040,A Real Time Method to Estimate Electrolytic Capacitor Condition in PWM Adjustable Speed Drives and Uninterruptible Power Supplies,Aeloiza E.; Jang-Hwan Kim; Enjeti P.; Ruminot P.,"IEEE 36th Conference on Power Electronics Specialists, 2005.",,proceedings-article,IEEE Xplore,Section 4 + method comparison table + deployability field extraction,03_CM_ParameterEstimation
T3,2,5,10.1109/tim.2008.925013,An Economic Offline Technique for Estimating the Equivalent Circuit of Aluminum Electrolytic Capacitors,Amaral A.M.R.; Cardoso A.,IEEE Transactions on Instrumentation and Measurement,2008,journal-article,IEEE Xplore,Section 4 + method comparison table + deployability field extraction,03_CM_ParameterEstimation
T3,2,4,10.1109/tpel.2014.2339374,Deterioration Monitoring of DC-Link Capacitors in AC Machine Drives by Current Injection,Nguyen Thanh Hai; Lee Dong-Choon,IEEE Transactions on Power Electronics,2015,journal-article,IEEE Xplore,Section 4 + method comparison table + deployability field extraction,03_CM_ParameterEstimation
T3,2,4,10.1109/tim.2009.2032960,An Online and Noninvasive Technique for the Condition Monitoring of Capacitors in Boost Converters,Buiatti G M; Martín-Ramos J A; García C H R; Amaral A M R et al.,IEEE Transactions on Instrumentation and Measurement,2010,journal-article,IEEE Xplore,Section 4 + method comparison table + deployability field extraction,03_CM_ParameterEstimation
T3,2,4,10.1109/tpel.2014.2383436,A Current-Sensorless Online ESR and C Identification Method for Output Capacitor of Buck Converter,Yao Kai; Tang Weijie; Hu Wenbin; Lyu Jianguo,IEEE Transactions on Power Electronics,2015,journal-article,IEEE Xplore,Section 4 + method comparison table + deployability field extraction,03_CM_ParameterEstimation
T3,2,4,10.1109/tia.2008.2002181,DC-Link Capacitance Estimation in AC/DC/AC PWM Converters Using Voltage Injection,Abo-Khalil A.G.; Dong-Choon Lee,IEEE Transactions on Industry Applications,2008,journal-article,IEEE Xplore,Section 4 + method comparison table + deployability field extraction,03_CM_ParameterEstimation
T3,2,4,10.1109/tie.2018.2835393,A VEN Condition Monitoring Method of DC-Link Capacitors for Power Converters,Wu Yu; Du Xiong,IEEE Transactions on Industrial Electronics,2019,journal-article,IEEE Xplore,Section 4 + method comparison table + deployability field extraction,03_CM_ParameterEstimation
T3,2,4,10.1109/tia.2018.2845889,Online Condition Monitoring System for DC-Link Capacitor in Industrial Power Converters,Sundararajan Prasanth; Sathik Mohamed Halick Mohamed; Sasongko Firman; Tan Chuan Seng et al.,IEEE Transactions on Industry Applications,2018,journal-article,IEEE Xplore,Section 4 + method comparison table + deployability field extraction,03_CM_ParameterEstimation
T3,2,4,10.1109/tpel.2019.2951859,Condition Monitoring of DC-Link Capacitors Using Goertzel Algorithm for Failure Precursor Parameter and Temperature Estimation,Sundararajan Prasanth; Sathik Mohamed Halick Mohamed; Sasongko Firman; Tan Chuan Seng et al.,IEEE Transactions on Power Electronics,2020,journal-article,IEEE Xplore,Section 4 + method comparison table + deployability field extraction,03_CM_ParameterEstimation
T3,2,4,10.1109/tpel.2018.2890617,An Online ESR Estimation Method for Output Capacitor of Boost Converter,Ren Lei; Gong Chunying; Zhao Yao,IEEE Transactions on Power Electronics,2019,journal-article,IEEE Xplore,Section 4 + method comparison table + deployability field extraction,03_CM_ParameterEstimation
T3,2,4,10.1049/ip-epa:20050027,Online capacitance estimation of DC-link electrolytic capacitors for three-phase AC/DC/AC PWM converters using recursive least squares method,Lee D.-C.; Lee K.-J.; Seok J.-K.; Choi J.-W.,IEE Proceedings - Electric Power Applications,2005,journal-article,IET,Section 4 + method comparison table + deployability field extraction,03_CM_ParameterEstimation
T3,2,4,10.1109/tpel.2018.2857832,Reference Submodule Based Capacitor Monitoring Strategy for Modular Multilevel Converters,Deng Fujin; Wang Qingsong; Liu Dong; Wang Yanbo et al.,IEEE Transactions on Power Electronics,2019,journal-article,IEEE Xplore,Section 4 + method comparison table + deployability field extraction,03_CM_ParameterEstimation
T3,2,4,10.1109/apex.2007.357646,Real-Time Condition Monitoring of the Electrolytic Capacitors for Power Electronics Applications,Imam Afroz M.; Divan Deepak M.; Harley Ronald G.; Habetler Thomas G.,APEC 07 - Twenty-Second Annual IEEE Applied Power Electronics Conference and Exposition,2007,proceedings-article,IEEE Xplore,Section 4 + method comparison table + deployability field extraction,03_CM_ParameterEstimation
T3,2,4,10.1109/ecce.2014.6953683,Condition monitoring of submodule capacitors in modular multilevel converters,Jo Yun-Jae; Nguyen Thanh Hai; Lee Dong-Choon,2014 IEEE Energy Conversion Congress and Exposition (ECCE),2014,proceedings-article,IEEE Xplore,Section 4 + method comparison table + deployability field extraction,03_CM_ParameterEstimation
T3,2,4,10.1109/tpel.2017.2762341,Noninvasive Technique for DC-Link Capacitance Estimation in Single-Phase Inverters,Ahmad Md. Waseem; Kumar P. Nandha; Arya Abhinav; Anand Sandeep,IEEE Transactions on Power Electronics,2018,journal-article,IEEE Xplore,Section 4 + method comparison table + deployability field extraction,03_CM_ParameterEstimation
T3,2,4,10.1109/tpel.2019.2917937,Condition Monitoring for Submodule Capacitors in Modular Multilevel Converters,Wang Hanyu; Wang Huai; Wang Zhongxu; Zhang Yi et al.,IEEE Transactions on Power Electronics,2019,journal-article,IEEE Xplore,Section 4 + method comparison table + deployability field extraction,03_CM_ParameterEstimation
T3,2,4,10.1109/tpel.2019.2956808,Capacitor Condition Monitoring Based on the DC-Side Start-Up of Modular Multilevel Converters,Wang Zhongxu; Zhang Yi; Wang Huai; Blaabjerg Frede,IEEE Transactions on Power Electronics,2020,journal-article,IEEE Xplore,Section 4 + method comparison table + deployability field extraction,03_CM_ParameterEstimation
T3,2,4,10.1109/tim.2009.2019719,Condition Monitoring of Metallized Polypropylene Film Capacitors in Railway Power Trains,Buiatti Gustavo Malagoni; MartÍn-Ramos Juan A.; Amaral AcÁcio M. R.; Dworakowski Piotr et al.,IEEE Transactions on Instrumentation and Measurement,2009,journal-article,IEEE Xplore,Section 4 + method comparison table + deployability field extraction,03_CM_ParameterEstimation
T3,2,4,10.1109/tim.2017.2749838,Noninvasive Online Condition Monitoring of Output Capacitor’s ESR and C for a Flyback Converter,Yao Kai; Cao Cheng; Yang Siwen,IEEE Transactions on Instrumentation and Measurement,2017,journal-article,IEEE Xplore,Section 4 + method comparison table + deployability field extraction,03_CM_ParameterEstimation
T3,2,4,10.1109/isie.2007.4374704,Using Newton-Raphson Method to Estimate the Condition of Aluminum Electrolytic Capacitors,Amaral Acacio M. R.; Cardoso A. J. Marques,2007 IEEE International Symposium on Industrial Electronics,2007,proceedings-article,IEEE Xplore,Section 4 + method comparison table + deployability field extraction,03_CM_ParameterEstimation
T3,2,4,10.1109/jsen.2019.2945943,Online Monitoring of Aluminum Electrolytic Capacitors in Photovoltaic Systems by Magnetoresistive Sensors,Miao Wenchao; Lam K. H.; Pong Philip W. T.,IEEE Sensors Journal,2020,journal-article,IEEE Xplore,Section 4 + method comparison table + deployability field extraction,03_CM_ParameterEstimation
T3,2,4,10.1109/jsen.2019.2929537,Condition Monitoring of Electrolytic Capacitors in Boost Converters by Magnetic Sensors,Miao Wenchao; Liu Xuyang; Lam K.H.; Pong Philip W. T.,IEEE Sensors Journal,2019,journal-article,IEEE Xplore,Section 4 + method comparison table + deployability field extraction,03_CM_ParameterEstimation
T3,2,4,10.1109/iecon.2008.4758011,An automatic technique to obtain the equivalent circuit of aluminum electrolytic capacitors,Amaral A.M.R.; Cardoso A.J.M.,2008 34th Annual Conference of IEEE Industrial Electronics,2008,proceedings-article,IEEE Xplore,Section 4 + method comparison table + deployability field extraction,03_CM_ParameterEstimation
T3,2,4,10.1049/iet-pel.2016.0603,Capacitor impedance estimation utilizing dc‐link voltage oscillations in single phase inverter,Arya Abhinav; Ahmad Md. Waseem; Agarwal Nikunj; Anand Sandeep,IET Power Electronics,2017,journal-article,IET,Section 4 + method comparison table + deployability field extraction,03_CM_ParameterEstimation
T3,2,4,10.1049/iet-pel.2018.5394,"Online estimation scheme of output capacitor's ESR and tan
                    δ
                    for Buck converter",Ren Lei; Gong Chunying,IET Power Electronics,2019,journal-article,IET,Section 4 + method comparison table + deployability field extraction,03_CM_ParameterEstimation
T3,2,4,10.1109/demped.2009.5292791,Using input current and output voltage ripple to estimate the output filter condition of switch mode DC/DC converters,Amaral A. M. R.; Cardoso A. J. M.,"2009 IEEE International Symposium on Diagnostics for Electric Machines, Power Electronics ",2009,proceedings-article,IEEE Xplore,Section 4 + method comparison table + deployability field extraction,03_CM_ParameterEstimation
T3,0,4,10.1109/tia.2002.802922,The service life of large aluminum electrolytic capacitors: effects of construction and application,Stevens J.L.; Shaffer J.S.; Vandenham J.T.,IEEE Transactions on Industry Applications,2002,journal-article,IEEE Xplore,Section 4 + method comparison table + deployability field extraction,03_CM_ParameterEstimation
T3,-1,4,10.1109/tia.2011.2124436,An Industry-Based Survey of Reliability in Power Electronic Converters,Shaoyong Yang; Bryant A; Mawby P; Dawei Xiang et al.,IEEE Transactions on Industry Applications,2011,journal-article,IEEE Xplore,Section 4 + method comparison table + deployability field extraction,03_CM_ParameterEstimation
T3,-1,4,10.1109/tvt.2012.2206082,Analysis and Evaluation of DC-Link Capacitors for High-Power-Density Electric Vehicle Drive Systems,Huiqing Wen; Weidong Xiao; Xuhui Wen; Armstrong P.,IEEE Transactions on Vehicular Technology,2012,journal-article,IEEE Xplore,Section 4 + method comparison table + deployability field extraction,03_CM_ParameterEstimation
