Priority,ID,Type,Title,Authors,Year,Journal,Volume_Issue_Pages,DOI,Publisher_Platform,Why_Needed,Target_Folder,Status
P0,D01,Review,A Review of the Condition Monitoring of Capacitors in Power Electronic Converters,"Soliman H., Wang H., Blaabjerg F.",2016,IEEE Trans. Industry Applications,52(6) 4976-4989,10.1109/TIA.2016.2591906,IEEE Xplore,"Foundational CM taxonomy (262 cites). Must confirm full-text that no SOH/RUL layer exists before we claim the gap.",ReferencePaper/00_Reviews_Capacitor,NEEDED
P0,D02,Review,Toward Physics-Informed Machine-Learning-Based Predictive Maintenance for Power Converters - A Review,"Fassi Y., Heiries V., Boutet J., Boisseau S.",2024,IEEE Trans. Power Electronics,39(2) 2692-2720,10.1109/TPEL.2023.3328438,IEEE Xplore,"STRONGEST COMPETITOR. Same journal (TPEL), 138 cites. Owns the physics-informed framing at converter level. Need full text to define our differentiation precisely.",ReferencePaper/01_Reviews_Adjacent,NEEDED
P0,D03,Review,Review of Health Monitoring Techniques for Capacitors in Modular Multilevel Converters,"Yu Q., Deng F., Tang Y., Cai X., Chen Z., Blaabjerg F.",2025,IEEE Trans. Power Electronics,40(9) 13363-13382,10.1109/TPEL.2025.3571897,IEEE Xplore,"MOST RECENT COMPETITOR in the target journal (Sept 2025). Determines TPEL editorial saturation risk. Highest priority.",ReferencePaper/00_Reviews_Capacitor,NEEDED
P0,D04,Review,Review of condition monitoring methods for capacitors used in power converters,"Nathan L.P.A., Hemamalini R.R., Jeremiah R.J.R., Partheeban P.",2023,Microelectronics Reliability,145 115003,10.1016/j.microrel.2023.115003,Elsevier ScienceDirect,"Only capacitor review that touches ANN-based predictive maintenance. Need full text to grade its RUL/ML depth.",ReferencePaper/00_Reviews_Capacitor,NEEDED
P0,D05,Review,Electrolytic capacitor: Properties and operation,"Torki J., Joubert C., Sari A.",2023,Journal of Energy Storage,58 106330,10.1016/j.est.2022.106330,Elsevier ScienceDirect,"Degradation-physics backbone for Section 2 (Al-Cap ageing laws). Green OA exists on HAL but HAL is unreachable from this machine.",ReferencePaper/02_Failure_Physics,NEEDED
P1,D06,Review,Condition Monitoring for Device Reliability in Power Electronic Converters: A Review,"Yang S., Xiang D., Bryant A., Mawby P., Ran L., Tavner P.",2010,IEEE Trans. Power Electronics,25(11) 2734-2752,10.1109/TPEL.2010.2049377,IEEE Xplore,"The 1137-cite anchor of the whole CM field. Needed to date the start of the evolution timeline (Fig. 1).",ReferencePaper/01_Reviews_Adjacent,NEEDED
P1,D07,Method,Online Condition Monitoring of DC-Link Capacitor for AC/DC/AC PWM Converter,"Li T., Chen J., Cong P., Dai X., Qiu R., Liu Z.",2022,IEEE Trans. Power Electronics,37(1) 865-878,10.1109/TPEL.2021.3092429,IEEE Xplore,"Representative sensor-reuse online estimation method; anchor point for the deployability axis.",ReferencePaper/03_CM_ParameterEstimation,NEEDED
P1,D08,Method,An Online DC-Link Capacitor Condition Monitoring Method for CHB-Type SVG,"Wang H., Qiu R., Chen Y., Ma M., Li F., Zhang X.",2025,IEEE Trans. Power Electronics,40(8) 10385-10390,10.1109/TPEL.2025.3556740,IEEE Xplore,"2025 state-of-the-art online CM; checks whether the field has moved past parameter estimation.",ReferencePaper/03_CM_ParameterEstimation,NEEDED
P1,D09,Method,Condition monitoring of a DC-link capacitor in an inverter with a front-end diode rectifier under imbalanced conditions,"Yamasoto T., Hasegawa K.",2025,Microelectronics Reliability,173 115873,10.1016/j.microrel.2025.115873,Elsevier ScienceDirect,"2025 operating-point-robustness evidence (imbalance) for the robustness dimension.",ReferencePaper/03_CM_ParameterEstimation,NEEDED
