tier,n_reviews,doi,title,authors,journal,year,volume,page,type,citations,publisher,target_folder
A,6,10.1109/63.261004,Use of ESR for deterioration diagnosis of electrolytic capacitor,Harada K.; Katsuki A.; Fujiwara M.,IEEE Transactions on Power Electronics,1993,8,355-361,journal-article,193,IEEE Xplore,03_CM_ParameterEstimation
A,6,10.1109/tia.2010.2049972,A Real-Time Predictive-Maintenance System of Aluminum Electrolytic Capacitors Used in Uninterrupted Power Supplies,Abdennadher Karim; Venet Pascal; Rojat Gérard; Retif Jean-Marie et al.,IEEE Transactions on Industry Applications,2010,46,1644-1652,journal-article,185,IEEE Xplore,04_SOH_RUL_Prognostics
A,6,10.1109/2943.974353,Realization of a Smart: Electrolytic Capacitor Circuit: Electrolytic Capacitor Circuits that can Signal their Own Worn-Out State Have Arrived,Venet P.; Perisse F.; El-Husseini M. H.; Rojat G.,IEEE Industry Applications Magazine,2002,8,16-20,journal-article,145,IEEE Xplore,03_CM_ParameterEstimation
A,6,10.1109/tia.2012.2222333,Condition Monitoring of DC-Link Capacitors in Aerospace Drives,Wechsler Andrew; Mecrow Barrie C.; Atkinson David J.; Bennett John W. et al.,IEEE Transactions on Industry Applications,2012,48,1866-1874,journal-article,91,IEEE Xplore,03_CM_ParameterEstimation
A,5,10.1109/tpel.2010.2059713,Life-Cycle Monitoring and Voltage-Managing Unit for DC-Link Electrolytic Capacitors in PWM Converters,Vogelsberger Markus A.; Wiesinger Thomas; Ertl Hans,IEEE Transactions on Power Electronics,2011,26,493-503,journal-article,228,IEEE Xplore,02_Failure_Physics
A,5,10.1109/tie.2012.2218561,Fault Diagnosis of DC-Link Capacitors in Three-Phase AC/DC PWM Converters by Online Estimation of Equivalent Series Resistance,Pu Xing-Si; Nguyen Thanh Hai; Lee Dong-Choon; Lee Kyo-Beum et al.,IEEE Transactions on Industrial Electronics,2013,60,4118-4127,journal-article,180,IEEE Xplore,03_CM_ParameterEstimation
A,5,10.1109/tie.2009.2022077,A Simple Offline Technique for Evaluating the Condition of Aluminum–Electrolytic–Capacitors,Amaral A.M.R.; Cardoso A.J.M.,IEEE Transactions on Industrial Electronics,2009,56,3230-3237,journal-article,145,IEEE Xplore,03_CM_ParameterEstimation
A,5,10.1109/tpel.2017.2736162,Quasi-Online Technique for Health Monitoring of Capacitor in Single-Phase Solar Inverter,Agarwal Nikunj; Ahmad Md Waseem; Anand Sandeep,IEEE Transactions on Power Electronics,2018,33,5283-5291,journal-article,108,IEEE Xplore,03_CM_ParameterEstimation
A,5,10.1109/pesc.2005.1582040,A Real Time Method to Estimate Electrolytic Capacitor Condition in PWM Adjustable Speed Drives and Uninterruptible Power Supplies,Aeloiza E.; Jang-Hwan Kim; Enjeti P.; Ruminot P.,"IEEE 36th Conference on Power Electronics Specialists, 2005.",,,2867-2872,proceedings-article,82,IEEE Xplore,03_CM_ParameterEstimation
A,5,10.1109/tim.2008.925013,An Economic Offline Technique for Estimating the Equivalent Circuit of Aluminum Electrolytic Capacitors,Amaral A.M.R.; Cardoso A.,IEEE Transactions on Instrumentation and Measurement,2008,57,2697-2710,journal-article,43,IEEE Xplore,03_CM_ParameterEstimation
A,4,10.1109/tia.2011.2124436,An Industry-Based Survey of Reliability in Power Electronic Converters,Shaoyong Yang; Bryant A; Mawby P; Dawei Xiang et al.,IEEE Transactions on Industry Applications,2011,47,1441-1451,journal-article,1852,IEEE Xplore,00_Reviews_Capacitor
A,4,10.1109/63.728347,Failure prediction of electrolytic capacitors during operation of a switchmode power supply,Lahyani A.; Venet P.; Grellet G.; Viverge P.-J.,IEEE Transactions on Power Electronics,1998,13,1199-1207,journal-article,318,IEEE Xplore,04_SOH_RUL_Prognostics
A,4,10.1109/tvt.2012.2206082,Analysis and Evaluation of DC-Link Capacitors for High-Power-Density Electric Vehicle Drive Systems,Huiqing Wen; Weidong Xiao; Xuhui Wen; Armstrong P.,IEEE Transactions on Vehicular Technology,2012,61,2950-2964,journal-article,254,IEEE Xplore,03_CM_ParameterEstimation
A,4,10.1109/tia.2005.858258,Life Prediction Modeling of Bus Capacitors in AC Variable-Frequency Drives,Gasperi M.L.,IEEE Transactions on Industry Applications,2005,41,1430-1435,journal-article,165,IEEE Xplore,04_SOH_RUL_Prognostics
A,4,10.1109/tie.2007.903975,Online Failure Prediction of the Electrolytic Capacitor for LC Filter of Switching-Mode Power Converters,Chen Yaow-Ming; Wu Hsu-Chin; Chou Ming-Wei; Lee Kung-Yen,IEEE Transactions on Industrial Electronics,2008,55,400-406,journal-article,131,IEEE Xplore,04_SOH_RUL_Prognostics
A,4,10.1109/tpel.2014.2339374,Deterioration Monitoring of DC-Link Capacitors in AC Machine Drives by Current Injection,Nguyen Thanh Hai; Lee Dong-Choon,IEEE Transactions on Power Electronics,2015,30,1126-1130,journal-article,111,IEEE Xplore,03_CM_ParameterEstimation
A,4,10.1109/tim.2009.2032960,An Online and Noninvasive Technique for the Condition Monitoring of Capacitors in Boost Converters,Buiatti G M; Martín-Ramos J A; García C H R; Amaral A M R et al.,IEEE Transactions on Instrumentation and Measurement,2010,59,2134-2143,journal-article,105,IEEE Xplore,03_CM_ParameterEstimation
A,4,10.1109/tpel.2014.2383436,A Current-Sensorless Online ESR and C Identification Method for Output Capacitor of Buck Converter,Yao Kai; Tang Weijie; Hu Wenbin; Lyu Jianguo,IEEE Transactions on Power Electronics,2015,30,6993-7005,journal-article,105,IEEE Xplore,03_CM_ParameterEstimation
A,4,10.1109/tia.2008.2002181,DC-Link Capacitance Estimation in AC/DC/AC PWM Converters Using Voltage Injection,Abo-Khalil A.G.; Dong-Choon Lee,IEEE Transactions on Industry Applications,2008,44,1631-1637,journal-article,104,IEEE Xplore,03_CM_ParameterEstimation
A,4,10.1109/tie.2018.2835393,A VEN Condition Monitoring Method of DC-Link Capacitors for Power Converters,Wu Yu; Du Xiong,IEEE Transactions on Industrial Electronics,2019,66,1296-1306,journal-article,103,IEEE Xplore,03_CM_ParameterEstimation
A,4,10.1109/tpel.2019.2951859,Condition Monitoring of DC-Link Capacitors Using Goertzel Algorithm for Failure Precursor Parameter and Temperature Estimation,Sundararajan Prasanth; Sathik Mohamed Halick Mohamed; Sasongko Firman; Tan Chuan Seng et al.,IEEE Transactions on Power Electronics,2020,35,6386-6396,journal-article,97,IEEE Xplore,03_CM_ParameterEstimation
A,4,10.1109/tpel.2018.2890617,An Online ESR Estimation Method for Output Capacitor of Boost Converter,Ren Lei; Gong Chunying; Zhao Yao,IEEE Transactions on Power Electronics,2019,34,10153-10165,journal-article,85,IEEE Xplore,03_CM_ParameterEstimation
A,4,10.1109/tia.2002.802922,The service life of large aluminum electrolytic capacitors: effects of construction and application,Stevens J.L.; Shaffer J.S.; Vandenham J.T.,IEEE Transactions on Industry Applications,2002,38,1441-1446,journal-article,84,IEEE Xplore,02_Failure_Physics
A,4,10.1049/ip-epa:20050027,Online capacitance estimation of DC-link electrolytic capacitors for three-phase AC/DC/AC PWM converters using recursive least squares method,Lee D.-C.; Lee K.-J.; Seok J.-K.; Choi J.-W.,IEE Proceedings - Electric Power Applications,2005,152,1503-1508,journal-article,80,IET,03_CM_ParameterEstimation
A,4,10.1109/tpel.2018.2857832,Reference Submodule Based Capacitor Monitoring Strategy for Modular Multilevel Converters,Deng Fujin; Wang Qingsong; Liu Dong; Wang Yanbo et al.,IEEE Transactions on Power Electronics,2019,34,4711-4721,journal-article,80,IEEE Xplore,03_CM_ParameterEstimation
A,4,10.1109/apex.2007.357646,Real-Time Condition Monitoring of the Electrolytic Capacitors for Power Electronics Applications,Imam Afroz M.; Divan Deepak M.; Harley Ronald G.; Habetler Thomas G.,APEC 07 - Twenty-Second Annual IEEE Applied Power Electronics Conference and Exposition,2007,,1057-1061,proceedings-article,78,IEEE Xplore,03_CM_ParameterEstimation
A,4,10.1109/ecce.2014.6953683,Condition monitoring of submodule capacitors in modular multilevel converters,Jo Yun-Jae; Nguyen Thanh Hai; Lee Dong-Choon,2014 IEEE Energy Conversion Congress and Exposition (ECCE),2014,,2121-2126,proceedings-article,70,IEEE Xplore,03_CM_ParameterEstimation
A,4,10.1109/tpel.2017.2762341,Noninvasive Technique for DC-Link Capacitance Estimation in Single-Phase Inverters,Ahmad Md. Waseem; Kumar P. Nandha; Arya Abhinav; Anand Sandeep,IEEE Transactions on Power Electronics,2018,33,3693-3696,journal-article,66,IEEE Xplore,03_CM_ParameterEstimation
A,4,10.1109/tpel.2019.2917937,Condition Monitoring for Submodule Capacitors in Modular Multilevel Converters,Wang Hanyu; Wang Huai; Wang Zhongxu; Zhang Yi et al.,IEEE Transactions on Power Electronics,2019,34,10403-10407,journal-article,59,IEEE Xplore,03_CM_ParameterEstimation
A,4,10.1109/tim.2009.2019719,Condition Monitoring of Metallized Polypropylene Film Capacitors in Railway Power Trains,Buiatti Gustavo Malagoni; MartÍn-Ramos Juan A.; Amaral AcÁcio M. R.; Dworakowski Piotr et al.,IEEE Transactions on Instrumentation and Measurement,2009,58,3796-3805,journal-article,55,IEEE Xplore,03_CM_ParameterEstimation
A,4,10.1109/tie.2018.2880725,Health Estimation of Individual Capacitors in a Bank With Reduced Sensor Requirements,Gupta Yugal; Ahmad Md. Waseem; Narale Sagar; Anand Sandeep,IEEE Transactions on Industrial Electronics,2019,66,7250-7259,journal-article,51,IEEE Xplore,03_CM_ParameterEstimation
A,4,10.1109/tim.2017.2749838,Noninvasive Online Condition Monitoring of Output Capacitor’s ESR and C for a Flyback Converter,Yao Kai; Cao Cheng; Yang Siwen,IEEE Transactions on Instrumentation and Measurement,2017,66,3190-3199,journal-article,46,IEEE Xplore,03_CM_ParameterEstimation
A,4,10.1109/isie.2007.4374704,Using Newton-Raphson Method to Estimate the Condition of Aluminum Electrolytic Capacitors,Amaral Acacio M. R.; Cardoso A. J. Marques,2007 IEEE International Symposium on Industrial Electronics,2007,,827-832,proceedings-article,35,IEEE Xplore,03_CM_ParameterEstimation
A,4,10.1109/jsen.2019.2945943,Online Monitoring of Aluminum Electrolytic Capacitors in Photovoltaic Systems by Magnetoresistive Sensors,Miao Wenchao; Lam K. H.; Pong Philip W. T.,IEEE Sensors Journal,2020,20,767-777,journal-article,34,IEEE Xplore,03_CM_ParameterEstimation
A,4,10.1109/jsen.2019.2929537,Condition Monitoring of Electrolytic Capacitors in Boost Converters by Magnetic Sensors,Miao Wenchao; Liu Xuyang; Lam K.H.; Pong Philip W. T.,IEEE Sensors Journal,2019,19,10393-10402,journal-article,33,IEEE Xplore,03_CM_ParameterEstimation
A,4,10.1109/iecon.2008.4758011,An automatic technique to obtain the equivalent circuit of aluminum electrolytic capacitors,Amaral A.M.R.; Cardoso A.J.M.,2008 34th Annual Conference of IEEE Industrial Electronics,2008,,539-544,proceedings-article,29,IEEE Xplore,03_CM_ParameterEstimation
A,4,10.1049/iet-pel.2016.0603,Capacitor impedance estimation utilizing dc‐link voltage oscillations in single phase inverter,Arya Abhinav; Ahmad Md. Waseem; Agarwal Nikunj; Anand Sandeep,IET Power Electronics,2017,10,1046-1053,journal-article,22,IET,03_CM_ParameterEstimation
A,4,10.1049/iet-pel.2018.5394,"Online estimation scheme of output capacitor's ESR and tan
                    δ
                    for Buck converter",Ren Lei; Gong Chunying,IET Power Electronics,2019,12,2978-2986,journal-article,15,IET,03_CM_ParameterEstimation
A,4,10.1109/demped.2009.5292791,Using input current and output voltage ripple to estimate the output filter condition of switch mode DC/DC converters,Amaral A. M. R.; Cardoso A. J. M.,"2009 IEEE International Symposium on Diagnostics for Electric Machines, Power Electronics and Drives",2009,,1-6,proceedings-article,11,IEEE Xplore,03_CM_ParameterEstimation
B,3,10.1049/iet-pel.2011.0163,"On-line fault detection of aluminium electrolytic capacitors, in step-down DC–DC converters, using input current and output voltage ripple",Amaral A.M.R.; Cardoso A.J.M.,IET Power Electronics,2012,5,315-322,journal-article,107,IET,03_CM_ParameterEstimation
B,3,10.1109/tpel.2015.2496267,An Online Monitoring Scheme of DC-Link Capacitor's ESR and C for a Boost PFC Converter,Yao Kai; Tang Weijie; Bi Xiaopeng; Lyu Jianguo,IEEE Transactions on Power Electronics,2016,31,5944-5951,journal-article,77,IEEE Xplore,03_CM_ParameterEstimation
B,3,10.1109/tdmr.2006.876612,Linking Corrosion and Catastrophic Failure in Low-Power Metallized Polypropylene Capacitors,Brown R.W.,IEEE Transactions on Device and Materials Reliability,2006,6,326-333,journal-article,76,IEEE Xplore,02_Failure_Physics
B,3,10.1109/tie.2017.2674598,Low-Frequency Impedance Monitoring and Corresponding Failure Criteria for Aluminum Electrolytic Capacitors,Ahmad Md. Waseem; Agarwal Nikunj; Kumar P. Nandha; Anand Sandeep,IEEE Transactions on Industrial Electronics,2017,64,5657-5666,journal-article,73,IEEE Xplore,03_CM_ParameterEstimation
B,3,10.1109/tie.2016.2582470,Online Monitoring Technique for Aluminum Electrolytic Capacitor in Solar PV-Based DC System,Ahmad Md Waseem; Agarwal Nikunj; Anand Sandeep,IEEE Transactions on Industrial Electronics,2016,63,7059-7066,journal-article,72,IEEE Xplore,03_CM_ParameterEstimation
B,3,10.1109/tpel.2019.2904551,"High-Accuracy Capacitance Monitoring of DC-Link Capacitor in VSI Systems by
                    LC
                    Resonance",Li Hao; Xiang Dawei; Han Xu; Zhong Xiang et al.,IEEE Transactions on Power Electronics,2019,34,12200-12211,journal-article,69,IEEE Xplore,03_CM_ParameterEstimation
B,3,10.1109/powereng.2015.7266382,Condition monitoring for DC-link capacitors based on artificial neural network algorithm,Soliman Hammam; Wang Huai; Gadalla Brwene; Blaabjerg Frede,"2015 IEEE 5th International Conference on Power Engineering, Energy and Electrical Drives (POWERENG)",2015,,587-591,proceedings-article,65,IEEE Xplore,05_DataDriven_AI
B,3,10.1109/tim.2009.2038018,Simple Experimental Techniques to Characterize Capacitors in a Wide Range of Frequencies and Temperatures,Amaral Acácio M. R.; Marques Cardoso A. J.,IEEE Transactions on Instrumentation and Measurement,2010,59,1258-1267,journal-article,60,IEEE Xplore,03_CM_ParameterEstimation
B,3,10.1109/tpel.2018.2868564,A Noninvasive Online Monitoring Method of Output Capacitor's C and ESR for DCM Flyback Converter,Yao Kai; Li Hui; Li Lei; Guan Chanbo et al.,IEEE Transactions on Power Electronics,2019,34,5748-5763,journal-article,53,IEEE Xplore,03_CM_ParameterEstimation
B,3,10.1109/ifeec.2017.7992442,Artificial Neural Network based DC-link capacitance estimation in a diode-bridge front-end inverter system,Soliman Hammam; Abdelsalam Ibrahim; Wang Huai; Blaabjerg Frede,2017 IEEE 3rd International Future Energy Electronics Conference and ECCE Asia (IFEEC 2017 - ECCE Asia),2017,,196-201,proceedings-article,51,IEEE Xplore,05_DataDriven_AI
B,3,10.1109/imtc.2006.328273,An Experimental Technique for Estimating the ESR and Reactance Intrinsic Values of Aluminum Electrolytic Capacitors,Amaral Acacio M. R.; Cardoso A. J. Marques,2006 IEEE Instrumentation and Measurement Technology Conference Proceedings,2006,,1820-1825,proceedings-article,47,IEEE Xplore,03_CM_ParameterEstimation
B,3,10.1109/ccece.2015.7129353,Capacitor aging detection for the DC filters in the power electronic converters using ANFIS algorithm,Kamel Tamer; Biletskiy Yevgen; Chang Liuchen,2015 IEEE 28th Canadian Conference on Electrical and Computer Engineering (CCECE),2015,,663-668,proceedings-article,31,IEEE Xplore,02_Failure_Physics
B,3,10.1109/isie.2004.1572002,Use of ESR to predict failure of output filtering capacitors in boost converters,Amaral A.M.R.; Cardoso A.J.M.,2004 IEEE International Symposium on Industrial Electronics,2004,,1309-1314 vol. 2,proceedings-article,29,IEEE Xplore,03_CM_ParameterEstimation
B,3,10.1109/isie.2010.5637333,Estimating aluminum electrolytic capacitors condition using a low frequency transformer together with a DC power supply,Amaral Acacio M. R.; Marques Cardoso A. J.,2010 IEEE International Symposium on Industrial Electronics,2010,,815-820,proceedings-article,27,IEEE Xplore,03_CM_ParameterEstimation
B,3,10.1109/vppc.2012.6422642,Condition monitoring of DC-link capacitors in drive system for electric vehicles,Kim Myoungho; Sul Seung-Ki; Junggi Lee,2012 IEEE Vehicle Power and Propulsion Conference,2012,,633-637,proceedings-article,19,IEEE Xplore,03_CM_ParameterEstimation
B,3,10.1109/peds.2007.4487736,Using DFT to Obtain the Equivalent Circuit of Aluminum Electrolytic Capacitors,Amaral Acacio M. R.; Buatti Gustavo M.; Ribeiro Hugo; Cardoso A.J. Marques,2007 7th International Conference on Power Electronics and Drive Systems,2007,,434-438,proceedings-article,14,MDPI,03_CM_ParameterEstimation
B,3,10.1109/icit.2005.1600615,"An Experimental Technique for Estimating the Aluminum Electrolytic Capacitor Equivalent Circuit, at High Frequencies",Amaral A.M.R.; Marques Cardoso A.J.,2005 IEEE International Conference on Industrial Technology,,,86-91,proceedings-article,12,IEEE Xplore,03_CM_ParameterEstimation
B,3,10.1109/pesc.2008.4592252,A non-invasive technique for fault diagnosis of SMPS,Amaral Acacio M. R.; Marques Cardoso A. J.,2008 IEEE Power Electronics Specialists Conference,2008,,2097-2102,proceedings-article,11,IEEE Xplore,03_CM_ParameterEstimation
C,2,10.1109/mei.2010.5383924,Historical introduction to capacitor technology,Ho J.; Jow T.R.; Boggs S.,IEEE Electrical Insulation Magazine,2010,26,20-25,journal-article,250,IEEE Xplore,03_CM_ParameterEstimation
C,2,10.1109/iecon.2012.6388833,Design for reliability of power electronic systems,Wang Huai; Ma Ke; Blaabjerg Frede,IECON 2012 - 38th Annual Conference on IEEE Industrial Electronics Society,2012,,33-44,proceedings-article,243,IEEE Xplore,02_Failure_Physics
C,2,10.1109/tia.2008.2002220,Condition Monitoring of DC-Link Electrolytic Capacitors in Adjustable-Speed Drives,Kwang-Woon Lee; Myungchul Kim; Jangho Yoon; Sang Bin Lee et al.,IEEE Transactions on Industry Applications,2008,44,1606-1613,journal-article,120,IEEE Xplore,03_CM_ParameterEstimation
C,2,10.1109/tpel.2016.2552039,Application of an Efficient Rogowski Coil Sensor for Switch Fault Diagnosis and Capacitor ESR Monitoring in Nonisolated Single-Switch DC–DC Converters,Farjah Ebrahim; Givi Hadi; Ghanbari Teymoor,IEEE Transactions on Power Electronics,2017,32,1442-1456,journal-article,107,IEEE Xplore,03_CM_ParameterEstimation
C,2,10.1109/tie.2016.2581156,PoF-Simulation-Assisted Reliability Prediction for Electrolytic Capacitor in LED Drivers,Sun Bo; Fan Xuejun; Qian Cheng; Zhang Guoqi,IEEE Transactions on Industrial Electronics,2016,63,6726-6735,journal-article,102,IEEE Xplore,02_Failure_Physics
C,2,10.1109/tpel.2015.2472459,Low Sampling Rate Online Parameters Monitoring of DC–DC Converters for Predictive-Maintenance Using Biogeography-Based Optimization,Li B. X.; Low K. S.,IEEE Transactions on Power Electronics,2016,31,2870-2879,journal-article,99,IEEE Xplore,04_SOH_RUL_Prognostics
C,2,10.1109/tie.2017.2652372,Online Condition Monitoring for Both IGBT Module and DC-Link Capacitor of Power Converter Based on Short-Circuit Current Simultaneously,Sun Pengju; Gong Can; Du Xiong; Luo Quanming et al.,IEEE Transactions on Industrial Electronics,2017,64,3662-3671,journal-article,92,IEEE Xplore,03_CM_ParameterEstimation
C,2,10.1109/tie.2019.2912771,Failure Prediction of Submodule Capacitors in Modular Multilevel Converter by Monitoring the Intrinsic Capacitor Voltage Fluctuations,Ronanki Deepak; Williamson Sheldon S.,IEEE Transactions on Industrial Electronics,2020,67,2585-2594,journal-article,84,IEEE Xplore,04_SOH_RUL_Prognostics
C,2,10.1109/tste.2014.2347967,Performance Evaluation of Three-Phase Grid-Connected Photovoltaic Inverters Using Electrolytic or Polypropylene Film Capacitors,Karanayil Baburaj; Agelidis Vassilios G.; Pou Josep,IEEE Transactions on Sustainable Energy,2014,5,1297-1306,journal-article,70,IEEE Xplore,03_CM_ParameterEstimation
C,2,10.1109/tia.2018.2836923,Online Estimation of Aluminum Electrolytic-Capacitor Parameters Using a Modified Prony's Method,Laadjal Khaled; Sahraoui Mohamed; Cardoso Antonio J. Marques; Amaral Acacio Manuel Raposo,IEEE Transactions on Industry Applications,2018,54,4764-4774,journal-article,59,IEEE Xplore,03_CM_ParameterEstimation
C,2,10.1109/tpel.2019.2957027,Online Estimation of ESR for DC-Link Capacitor of Boost PFC Converter Using Wavelet Transform Based Time–Frequency Analysis Method,Lu Weiguo; Lu Xuemei; Han Jinxin; Zhao Zhaoyang et al.,IEEE Transactions on Power Electronics,2020,35,7755-7764,journal-article,53,IEEE Xplore,03_CM_ParameterEstimation
C,2,10.1109/ecce.2017.8096961,Capacitance estimation algorithm based on DC-link voltage harmonics using artificial neural network in three-phase motor drive systems,Soliman Hammam; Davari Pooya; Wang Huai; Blaabjerg Frede,2017 IEEE Energy Conversion Congress and Exposition (ECCE),2017,,5795-5802,proceedings-article,51,IEEE Xplore,05_DataDriven_AI
C,2,10.1109/tie.2021.3055164,ESR Estimation for Aluminum Electrolytic Capacitor of Power Electronic Converter Based on Compressed Sensing and Wavelet Transform,Li Chuanfeng; Yu Yang; Yang Zhiming; Liu Qingxin et al.,IEEE Transactions on Industrial Electronics,2022,69,1948-1957,journal-article,49,IEEE Xplore,03_CM_ParameterEstimation
C,2,10.1109/tpel.2010.2062200,A New Strategy for Condition Monitoring of Adjustable Speed Induction Machine Drive Systems,Lee Sang Bin; Yang Jinkyu; Hong Jongman; Yoo Ji-Yoon et al.,IEEE Transactions on Power Electronics,2011,26,389-398,journal-article,49,IEEE Xplore,03_CM_ParameterEstimation
C,2,10.1109/tpel.2019.2959074,Online Capacitance Estimation of Submodule Capacitors for Modular Multilevel Converter With Nearest Level Modulation,Wang Kun; Jin Lin; Li Guangdi; Deng Yan et al.,IEEE Transactions on Power Electronics,2020,35,6678-6681,journal-article,49,IEEE Xplore,03_CM_ParameterEstimation
C,2,10.1109/tie.2016.2586020,Lifetime Monitoring of Electrolytic Capacitor to Maximize Earnings From Grid-Feeding PV System,Agarwal Nikunj; Arya Abhinav; Ahmad Md Waseem; Anand Sandeep,IEEE Transactions on Industrial Electronics,2016,63,7049-7058,journal-article,48,IEEE Xplore,03_CM_ParameterEstimation
C,2,10.1109/pesc.2005.1581687,Condition Monitoring of Electrolytic Capacitor in Power Electronic Circuits using Adaptive Filter Modeling,Imam A.M.; Habetler T.G.; Harley R.G.; Divan D.M.,"IEEE 36th Conference on Power Electronics Specialists, 2005.",,,601-607,proceedings-article,43,IEEE Xplore,03_CM_ParameterEstimation
C,2,10.1007/s00202-004-0265-z,Simple model of an electrolytic capacitor taking into account the temperature and aging time,Perisse F.; Venet P.; Rojat G.; Rétif J. M.,Electrical Engineering,2006,88,89-95,journal-article,41,Other,02_Failure_Physics
C,2,10.1049/cp.2016.0369,A New Scheme for Monitoring Submodule Capacitance in Modular Multilevel Converter,Abushafa O.; Atkinson D.; Gadoue S.; Dahidah M.,"8th IET International Conference on Power Electronics, Machines and Drives (PEMD 2016)",2016,,6 .-6 .,proceedings-article,39,IET,03_CM_ParameterEstimation
C,2,10.1109/tpel.2021.3135873,Condition Monitoring of DC-Link Capacitors Using Time–Frequency Analysis and Machine Learning Classification of Conducted EMI,McGrew Tyler; Sysoeva Viktoriia; Cheng Chi-Hao; Miller Chad et al.,IEEE Transactions on Power Electronics,2022,37,12606-12618,journal-article,38,IEEE Xplore,05_DataDriven_AI
C,2,10.1109/tpel.2021.3121813,Aging Condition Monitoring for Aluminum Electrolytic Capacitor in Variable Speed Drives,Wang Bo; Meng Jinlei; Zhao Pinzhi,IEEE Transactions on Power Electronics,2022,37,4564-4574,journal-article,38,IEEE Xplore,02_Failure_Physics
C,2,10.1109/ipemc.2016.7512885,Capacitance estimation for dc-link capacitors in a back-to-back converter based on Artificial Neural Network algorithm,Soliman Hammam; Wang Huai; Blaabjerg Frede,2016 IEEE 8th International Power Electronics and Motion Control Conference (IPEMC-ECCE Asia),2016,,3682-3688,proceedings-article,34,IEEE Xplore,05_DataDriven_AI
C,2,10.1109/tpmp.1965.1135396,The Chemistry of Failure of Aluminum Electrolytic Capacitors,Alwitt R.; Hills R.,"IEEE Transactions on Parts, Materials and Packaging",1965,1,28-34,journal-article,32,IEEE Xplore,02_Failure_Physics
C,2,10.1016/j.microrel.2016.07.110,Detection of cracks in multilayer ceramic capacitors by X-ray imaging,Andersson C.; Ingman J.; Varescon E.; Kiviniemi M.,Microelectronics Reliability,2016,64,352-356,journal-article,32,Elsevier,02_Failure_Physics
C,2,10.1109/imccc.2012.199,Fault Diagnosis and Life Prediction of DC-link Aluminum Electrolytic Capacitors Used in Three-phase AC/DC/AC Converters,Yu Yong; Zhou Tao; Zhu Mingjun; Xu Dianguo,"2012 Second International Conference on Instrumentation, Measurement, Computer, Communication and Control",2012,,,proceedings-article,30,Elsevier,04_SOH_RUL_Prognostics
C,2,10.1109/ectc.1998.678924,A new technique for high frequency characterization of capacitors,Li Y.L.; Figueroa D.G.; Rodriguez J.P.; Huang L. et al.,1998 Proceedings. 48th Electronic Components and Technology Conference (Cat. No.98CH36206),,,1384-1390,proceedings-article,29,Other,03_CM_ParameterEstimation
C,2,10.1109/tpel.2021.3118602,Condition Health Monitoring of Modular Multilevel Converter Submodule Capacitors,Polanco Ignacio; Dujic Drazen,IEEE Transactions on Power Electronics,2022,37,3544-3554,journal-article,28,IEEE Xplore,03_CM_ParameterEstimation
C,2,10.1049/iet-pel.2017.0528,Modified hybrid model of boost converters for parameter identification of passive components,Ren Lei; Gong Chunying,IET Power Electronics,2018,11,764-771,journal-article,21,IET,03_CM_ParameterEstimation
C,2,10.1109/apec.2005.1453106,Failure prediction of electrolytic capacitor using DSP methods,Imam A.M.; Habetler T.G.; Harley R.G.; Divan D.,"Twentieth Annual IEEE Applied Power Electronics Conference and Exposition, 2005. APEC 2005.",,2,965-970,proceedings-article,20,IEEE Xplore,04_SOH_RUL_Prognostics
C,2,10.1109/iecon.2009.5414963,State condition estimation of aluminum electrolytic capacitors used on the primary side of ATX power supplies,Amaral Acacio M. R.; Cardoso A. J. Marques,2009 35th Annual Conference of IEEE Industrial Electronics,2009,,442-447,proceedings-article,19,IEEE Xplore,03_CM_ParameterEstimation
C,2,10.1109/pesc.2005.1582038,Parameter Identification of Power Electronic Circuits Based on Hybrid Model,Hao Ma; Xingyun Mao; Ni Zhang; Dehong Xu,"IEEE 36th Conference on Power Electronics Specialists, 2005.",,,2855-2860,proceedings-article,18,IEEE Xplore,03_CM_ParameterEstimation
C,2,10.1109/tcsii.2020.3040428,Switching Signals Based Condition Monitoring for Submodule Capacitors in Modular Multilevel Converters,Geng Zhi; Han Minxiao; Zhou Guangyang,IEEE Transactions on Circuits and Systems II: Express Briefs,2021,68,2017-2021,journal-article,18,IEEE Xplore,03_CM_ParameterEstimation
C,2,10.1109/powereng.2009.4915158,Using a sinosoidal PWM to estimate the ESR of Aluminum electrolytic capacitors,Amaral Acacio M. R.; Cardoso A. J. Marques,"2009 International Conference on Power Engineering, Energy and Electrical Drives",2009,,691-696,proceedings-article,17,Other,03_CM_ParameterEstimation
C,2,10.1177/1687814018781170,An intelligent prognostic model for electrolytic capacitors health monitoring: A design of experiments approach,Bhargava Cherry; Banga Vijay Kumar; Singh Yaduvir,Advances in Mechanical Engineering,2018,10,,journal-article,17,Other,04_SOH_RUL_Prognostics
C,2,10.1109/ipemc-ecceasia48364.2020.9367704,Online Monitoring for Sub-module Capacitance in Modular Multilevel Converter with Four Sampling Points of Capacitor Voltage,Xin Xikai; Yang Yunxiao; Ma Ke; He Bin,2020 IEEE 9th International Power Electronics and Motion Control Conference (IPEMC2020-ECCE Asia),2020,,935-939,proceedings-article,15,IEEE Xplore,03_CM_ParameterEstimation
C,2,10.1109/tpwrd.2022.3176001,A Hierarchic Capacitor Condition Monitoring Strategy for High-Voltage Modular Multilevel Converters,Geng Zhi; Han Minxiao; Xie Wenqiang; Sun Tiankui,IEEE Transactions on Power Delivery,2022,37,5310-5324,journal-article,14,IEEE Xplore,03_CM_ParameterEstimation
C,2,10.1109/icit.2015.7125215,An online technique for condition monitoring of capacitor in PV system,Ahmad Md Waseem; Arya Abhinav; Anand Sandeep,2015 IEEE International Conference on Industrial Technology (ICIT),2015,,920-925,proceedings-article,13,IEEE Xplore,03_CM_ParameterEstimation
C,2,10.1109/iecon.2017.8216161,Capacitor monitoring for modular multilevel converters,Deng Fujin; Liu Dong; Wang Yanbo; Chen Zhe et al.,IECON 2017 - 43rd Annual Conference of the IEEE Industrial Electronics Society,2017,,934-939,proceedings-article,13,IEEE Xplore,03_CM_ParameterEstimation
C,2,10.1109/iecon.2005.1569015,LMS based condition monitoring of electrolytic capacitor,Imam A.M.; Habetler T.G.; Harley R.G.; Divan D.M.,"31st Annual Conference of IEEE Industrial Electronics Society, 2005. IECON 2005.",2005,,6 pp.,proceedings-article,12,IEEE Xplore,03_CM_ParameterEstimation
C,2,10.1109/peds.2005.1619949,An ESR Meter for High Frequencies,Amaral A.M.R.; Marques Cardoso A.J.,2005 International Conference on Power Electronics and Drives Systems,,2,1628-1633,proceedings-article,12,MDPI,03_CM_ParameterEstimation
C,2,10.1002/(sici)1099-1638(199601)12:1<43::aid-qre981>3.0.co;2-o,NON-DESTRUCTIVE DETECTION AND LOCALIZATION OF DEFECTS IN MULTILAYER CERAMIC CHIP CAPACITORS USING ELECTROMECHANICAL RESONANCES,BECHOU L.; MEJDI S.; OUSTEN Y.; DANTO Y.,Quality and Reliability Engineering International,1996,12,43-53,journal-article,12,Elsevier,02_Failure_Physics
C,2,10.1016/j.microrel.2020.113737,A method to extract lumped thermal networks of capacitors for reliability oriented design,Delmonte N.; Cabezuelo D.; Kortabarria I.; Santoro D. et al.,Microelectronics Reliability,2020,114,113737,journal-article,11,Elsevier,02_Failure_Physics
C,2,10.1109/ecce.2014.6953873,A novel online ESR and C identification method for output capacitor of buck converter,Kai Yao; Wenbin Hu; Weijie Tang; Jianguo Lyu et al.,2014 IEEE Energy Conversion Congress and Exposition (ECCE),2014,,3476-3482,proceedings-article,9,IEEE Xplore,03_CM_ParameterEstimation
C,2,10.1109/cpe.2016.7544180,Condition monitoring of dc-link capacitor utilizing zero state of solar PV H5 inverter,Agarwal Nikunj; Ahmad Md. Waseem; Anand Sandeep,"2016 10th International Conference on Compatibility, Power Electronics and Power Engineering (CPE-POWERENG)",2016,,174-179,proceedings-article,9,MDPI,03_CM_ParameterEstimation
C,2,10.1109/iecon.2019.8927539,Capacitor Monitoring for Full-Bridge Submodule Based Modular Multilevel Converters,Yin Chengwei; Deng Fujin; Yu Qiang; Lv Yongqing et al.,IECON 2019 - 45th Annual Conference of the IEEE Industrial Electronics Society,2019,,3781-3786,proceedings-article,9,IEEE Xplore,03_CM_ParameterEstimation
C,2,10.1109/ias.2007.346,ESR Estimation Method for DC/DC Converters Through Simplified Regression Models,Buiatti G. M.; Amaral A. M. R.; Cardoso A.J. C.,2007 IEEE Industry Applications Annual Meeting,2007,,2289-2294,proceedings-article,8,IEEE Xplore,03_CM_ParameterEstimation
C,2,10.1109/phm-chongqing.2018.00143,Online Output Capacitor Monitor for Buck DC-DC Converter,Gao Jun; Huang Daoping; Lu Jiafeng,2018 Prognostics and System Health Management Conference (PHM-Chongqing),2018,,802-806,proceedings-article,5,Other,04_SOH_RUL_Prognostics
