doi,title,authors,journal,year,type,venue_swept,citations,abstract
10.1016/j.ress.2026.112211,A hybrid modeling framework for predicting the multilayer ceramic capacitor reliability under thermal-electrical coupling operating conditions,Li Donghui; Zhong Yuguang; Zhou Xue; Zhai Guofu,Reliability Engineering &amp; System Safety,2026,journal-article,Reliability Engineering & System Safety,2,
10.1109/tdmr.2026.3666475,Remaining Useful Life Prediction of Electrolytic Capacitors Incorporating Data-Driven and Model-Based Methods,Yi Jianmin; Wang Hao; Ma Cunbao,IEEE Transactions on Device and Materials Reliability,2026,journal-article,IEEE Trans. Device and Materials Reliability,1,
10.1016/j.microrel.2026.116089,Reliability assessment of SMD tantalum capacitors for Active Implantable Medical Devices: A methodology based on ALT and DoE,Indmeskine Fatima-Ezahra; Saintis Laurent; Kobi Abdessamad; Marceau Hélène,Microelectronics Reliability,2026,journal-article,Microelectronics Reliability,0,
10.1016/j.microrel.2026.116159,Optimizing the capacitor insulator to enhance the bias-stress characteristics of LTPS-TFTs for improving the reliability of low-temperature polycrystalline-silicon active matrix organic light-emitting diodes,Jin Yu; Wang Chen; Xu Wen-Jie; Zhou Zhi-Yi,Microelectronics Reliability,2026,journal-article,Microelectronics Reliability,0,
10.1016/j.microrel.2026.116189,"A comprehensive review of FinFET-based capacitorless 1T-DRAM: Design, performance, and reliability",Rathi Mitali; Mishra Guru Prasad,Microelectronics Reliability,2026,journal-article,Microelectronics Reliability,0,
10.1016/j.microrel.2026.116229,Improving TDDB lifetime of MIM capacitor by optimized electrode etching process,Pan Dong; Xu Ruizhang,Microelectronics Reliability,2026,journal-article,Microelectronics Reliability,0,
10.1016/j.microrel.2026.116284,Thermal curing kinetics and adhesion strength of a novel photosensitive dielectric build-up film for advanced packaging substrates,Liu Mengxi; Lin Xiaowen; Li Man; Wang Chong,Microelectronics Reliability,2026,journal-article,Microelectronics Reliability,0,
10.1109/tdmr.2026.3669812,PID well charging observed for large MOS transistors embedded in suboptimal product design and triggered by inhomogeneous high-k dielectric reliability,Martin Andreas; Stafford Benjamin H.,IEEE Transactions on Device and Materials Reliability,2026,journal-article,IEEE Trans. Device and Materials Reliability,0,
10.1109/tdmr.2026.3679333,Engineering Wake-Up-Free Ferroelectric Capacitors with Enhanced High-Temperature Reliability,Afroze Nashrah; Soliman Salma; Kuo Yu-Hsin; Kang Sanghyun,IEEE Transactions on Device and Materials Reliability,2026,journal-article,IEEE Trans. Device and Materials Reliability,0,
10.1109/tdmr.2026.3699552,Research on the degradation mechanism of Stacked Aluminum Polymer Capacitors in Humid Environments,Sha Ming; Shi Lei; Liu Wenjie; Lv Zhe,IEEE Transactions on Device and Materials Reliability,2026,journal-article,IEEE Trans. Device and Materials Reliability,0,
10.1109/tdmr.2026.3718376,Uncertainty-Aware Probabilistic Reliability Algorithm for Capacitors Using Kriging-Based Electrothermal Modeling,Alexandre Andressa Mara Menezes; Filho Paulo Soares; De Castro Helio Fiori; Barros Tarcio Andre Dos Santos,IEEE Transactions on Device and Materials Reliability,2026,journal-article,IEEE Trans. Device and Materials Reliability,0,
10.1109/jestpe.2025.3648439,Robust Soft Fault Diagnosis of Capacitor Degradation in DC–DC Converters Using Statistical Optimal Measurement Point and RaDR-WCNN,Jiang Yuanyuan; Zhou Miao,IEEE Journal of Emerging and Selected Topics in Power Electronics,2026,journal-article,IEEE JESTPE,0,
10.1109/jestpe.2024.3502255,Online Degradation Fault Prognosis for DC-Link Capacitors in Multistring-Connected Photovoltaic Boost Converters Subject to Cable Uncertainties,Lu Geye; Lin Qiuqiong; Zheng Dayong; Zhang Pinjia,IEEE Journal of Emerging and Selected Topics in Power Electronics,2025,journal-article,IEEE JESTPE,19,
10.1109/tr.2024.3421329,Comprehensive Reliability Review and Assessment of Switched-Capacitor Step-Up DC–DC Converters,Eslamloo Milad Khoubrooy; Varesi Kazem; Tarzamni Hadi; Lee Sze Sing,IEEE Transactions on Reliability,2025,journal-article,IEEE Trans. Reliability,14,
10.1109/jestpe.2025.3546654,Reliability-Oriented Design of NPC Inverter in PV Systems With Focus on Lifetimes of DC-Link Capacitor Bank and Power Devices,Yeo Gahyeon; Choi Ui-Min,IEEE Journal of Emerging and Selected Topics in Power Electronics,2025,journal-article,IEEE JESTPE,8,
10.1109/tr.2025.3598008,PoFINN: Integrating Physics of Failure and Neural Networks for Long-Term Degradation Forecasting of Aluminum Electrolytic Capacitors,Bhattacharyya Anindya; Dutta Anurag; Behera Rajendra Prasad; Dasgupta Arup,IEEE Transactions on Reliability,2025,journal-article,IEEE Trans. Reliability,5,
10.1109/jestpe.2024.3485114,A Submodule Insertion Window-Based Capacitor Condition Monitoring Method for Modular Multilevel Converters,Zhang Li; Liu Yihao; Zhang Jianhao; Li Yue,IEEE Journal of Emerging and Selected Topics in Power Electronics,2025,journal-article,IEEE JESTPE,5,
10.1109/jestpe.2024.3518838,A Transferrable Data-Driven Method for Condition Monitoring of DC Capacitor in Power Electronic Transformer,Li Xiaohui; He Liqun; Zhu Zhongkui; Wang Cheng,IEEE Journal of Emerging and Selected Topics in Power Electronics,2025,journal-article,IEEE JESTPE,5,
10.1016/j.microrel.2025.115873,Condition monitoring of a DC-link capacitor in an inverter with a front-end diode rectifier under imbalanced three-phase supply voltage,Yamasoto Takuma; Hasegawa Kazunori,Microelectronics Reliability,2025,journal-article,Microelectronics Reliability,4,
10.1109/tdmr.2025.3624656,A Comparative Analysis of the Reliability of DC Bus Capacitor Technologies in Photovoltaic Inverters,Alexandre Andressa Mara Menezes; Filho Paulo Soares; de Oliveira Bruna Aderbal; Silveira João Pedro Carvalho,IEEE Transactions on Device and Materials Reliability,2025,journal-article,IEEE Trans. Device and Materials Reliability,3,
10.1109/tdmr.2025.3572512,Monitoring Metallized Film Capacitor Health: A Method for Estimating Capacitance Amid Short-Term Failures Due to Self-Healing,He Yushuang; Wang Feipeng; Yang Hongming; Johnston Archie James,IEEE Transactions on Device and Materials Reliability,2025,journal-article,IEEE Trans. Device and Materials Reliability,2,
10.1109/jestpe.2025.3570650,Reliability-Enhanced PWM for NPC Inverter Focusing on Lifetimes of DC-Link Capacitors and Power Devices,Lee Dong-Jin; Choi Jae-Heon; Choi Ui-Min,IEEE Journal of Emerging and Selected Topics in Power Electronics,2025,journal-article,IEEE JESTPE,2,
10.1109/tr.2025.3641587,Uncertainty-Aware Remaining Useful Life Estimation for Aluminium Electrolytic Capacitors Using Spectral Mixture Kernels and Hybrid Uncertainty Calibration,Bhattacharyya Anindya; Behera Rajendra Prasad; Dasgupta Arup; Chakraborty Rajat Subhra,IEEE Transactions on Reliability,2025,journal-article,IEEE Trans. Reliability,1,
10.1109/jestpe.2025.3584338,Fault-Tolerant Switching-Cell Flying Capacitor Clamped Current Source Inverter,Faraji Faramarz; Cha Honnyong,IEEE Journal of Emerging and Selected Topics in Power Electronics,2025,journal-article,IEEE JESTPE,1,
10.1016/j.microrel.2025.115649,Evidence for double degradation regime in off-state stressed 100 V GaN transistors: From dielectric failure to subthreshold current increase,Fraccaroli Riccardo; Fregolent Manuel; Boito Mirco; De Santi Carlo,Microelectronics Reliability,2025,journal-article,Microelectronics Reliability,0,
10.1016/j.microrel.2025.115845,Electrical and reliability characterization with an optimized extrapolation model of two- and three-dimensional metal-insulator-metal decoupling capacitors with ZrAlxOy high-κ dielectric under BEoL-friendly conditions,Falidas Konstantinos Efstathios; Kühnel Kati; Rudolph Matthias; Everding Maximilian,Microelectronics Reliability,2025,journal-article,Microelectronics Reliability,0,
10.1109/tdmr.2024.3407855,A Novel Lifetime Estimation Method and Structural Optimization Design for Film Capacitors in EVs Considering Material Aging and Power Losses,Kuang Kaining; Guo Xinhua; Li Chunzhen; Li Xiuwan,IEEE Transactions on Device and Materials Reliability,2024,journal-article,IEEE Trans. Device and Materials Reliability,20,
10.1016/j.microrel.2024.115479,Interface traps in the sub-3 nm technology node: A comprehensive analysis and benchmarking of negative capacitance FinFET and nanosheet FETs - A reliability perspective from device to circuit level,Valasa Sresta; Kotha Venkata Ramakrishna; Vadthiya Narendar,Microelectronics Reliability,2024,journal-article,Microelectronics Reliability,17,
10.1016/j.microrel.2024.115509,A remaining useful life prediction method of aluminum electrolytic capacitor with adaptive degradation model selection,Chen Jindian; Miao Jigui; Yin Quan,Microelectronics Reliability,2024,journal-article,Microelectronics Reliability,6,
10.1016/j.microrel.2024.115506,Modeling LED driver lifespan through capacitor degradation due to thermal cycling,De Vas Gunawardena Sachintha; Narendran Nadarajah,Microelectronics Reliability,2024,journal-article,Microelectronics Reliability,6,
10.1109/jestpe.2024.3370616,A High-Accuracy Capacitor Condition Monitoring Scheme at Low Sample Frequency Based on Improved Current Reconstruction Method,Dai Xiaoteng; Zhao Leiting; Han Luyang; Sun Yuan,IEEE Journal of Emerging and Selected Topics in Power Electronics,2024,journal-article,IEEE JESTPE,6,
10.1109/jestpe.2024.3400454,Advanced Condition Monitoring for Active Front-End Converter LCL Filter AC Capacitors,Matijevic Edi; Sharma Rahul; Hemanth Ajay; Zare Firuz,IEEE Journal of Emerging and Selected Topics in Power Electronics,2024,journal-article,IEEE JESTPE,6,
10.1109/tdmr.2024.3408293,Dynamic Reliability Assessment of Vertical GaN Trench MOSFETs With Thick Bottom Dielectric,Zhang Yu; Zhu Renqiang; Qu Haolan; Gu Yitian,IEEE Transactions on Device and Materials Reliability,2024,journal-article,IEEE Trans. Device and Materials Reliability,4,
10.1016/j.microrel.2023.115301,Analysis of noise behavior and reliability of pocket doped negative capacitance FET under the impact of trap charges and temperature,Malvika; Talukdar Jagritee; Choudhuri Bijit; Mummaneni Kavicharan,Microelectronics Reliability,2024,journal-article,Microelectronics Reliability,3,
10.1109/jestpe.2022.3163012,On-Line Condition Monitoring System for DC-Link Capacitor of Back-to-Back Converters Using Large-Signal Transients,Ghadrdan Moein; Abdi Behzad; Peyghami Saeed; Mokhtari Hossein,IEEE Journal of Emerging and Selected Topics in Power Electronics,2023,journal-article,IEEE JESTPE,33,
10.1016/j.microrel.2023.114928,A remaining useful life prediction method of aluminum electrolytic capacitor based on wiener process and similarity measurement,Zhao Jin; Zhou Yang; Zhu Qi; Song Yujin,Microelectronics Reliability,2023,journal-article,Microelectronics Reliability,32,
10.1109/jestpe.2022.3183837,Dissipation Factor as a Degradation Indicator for Electrolytic Capacitors,Ghadrdan Moein; Peyghami Saeed; Mokhtari Hossein; Wang Huai,IEEE Journal of Emerging and Selected Topics in Power Electronics,2023,journal-article,IEEE JESTPE,24,
10.1016/j.microrel.2023.115003,Review of condition monitoring methods for capacitors used in power converters,Nathan Leema Prasila Arokia; Hemamalini Ranganathan Rani; Jeremiah Ruben Johnson Robert; Partheeban Pachaivannan,Microelectronics Reliability,2023,journal-article,Microelectronics Reliability,21,
10.1016/j.microrel.2023.115028,Investigation of hygrothermally induced failures in multilayer ceramic capacitors during thermal reflow process,Apalowo Rilwan Kayode; Abas Aizat; Bachok Zuraihana; Sharif Mohamad Fikri Mohd,Microelectronics Reliability,2023,journal-article,Microelectronics Reliability,16,
10.1016/j.microrel.2023.115174,Ageing metallized polypropylene film capacitors laws confronted with the phenomenon of corrosion,Rochefort Claire; Venet Pascal; Clerc Guy; Sari Ali,Microelectronics Reliability,2023,journal-article,Microelectronics Reliability,10,
10.1109/jestpe.2022.3208065,A Dummy-Variable Model for Humidity-Influenced DC Film Capacitors Lifetime Estimation,Miao Jigui; Liu Yang; Yin Quan; Zhao Shuai,IEEE Journal of Emerging and Selected Topics in Power Electronics,2023,journal-article,IEEE JESTPE,6,
10.1109/jestpe.2023.3244029,Fault-Tolerant Control of Doubly Salient Electromagnetic Generator Based on Capacitor Split-Phase Bridge Converter Under Loss of Excitation,Shi Hongjun; Zhou Bo; Xiong Lei; Jiang Siyuan,IEEE Journal of Emerging and Selected Topics in Power Electronics,2023,journal-article,IEEE JESTPE,6,
10.1016/j.microrel.2023.115191,"Automated reliability calculation of failure rate, lifetime extrapolation and prediction for embedded Metal-Insulator-Metal capacitors using an optimized Time-Dependent-Dielectric-Breakdown model",Falidas Konstantinos Efstathios; Everding Maximilian B.; Viegas Alison E.; Czernohorsky Malte,Microelectronics Reliability,2023,journal-article,Microelectronics Reliability,3,
10.1109/tdmr.2023.3312667,Analysis of the Extraction Method and Mechanism of Hot Carrier Degradation in Al<sub>2</sub>O<sub>3</sub>/Si<sub>3</sub>N<sub>4</sub> Bilayer Gate Dielectric AlGaN/GaN MIS-HEMTs,Huang Jen-Wei; Chen Po-Hsun; Yeh Tsung-Han; Tsai Xin-Ying,IEEE Transactions on Device and Materials Reliability,2023,journal-article,IEEE Trans. Device and Materials Reliability,2,
10.36001/phmap.2023.v4i1.3768,Concept of Condition Monitoring for AC-DC Converter Output  Capacitors via Discriminative Features,Kareem Akeem Bayo; Hur Jang Wook,PHM Society Asia-Pacific Conference,2023,journal-article,"PHM Society (all: PHM Conf, PHME, IJPHM, PHMAP)",0,"This paper discusses recent research on the condition mon- itoring (CM) approach for aluminium electrolytic capacitors (AEC) used in power electronics equipment such as switched- mode power supplies (SMPS). Capacitors are identified as the most critical component with the highest percentage of failure in AEC. CM offers a better paradigm for AEC due to its long- lasting ability (endurance). This study proposes accelerated life testing through electrical stress and long-term frequency testing for the AEC component. An experiment test bench was set up to monitor the critical electrical parameters such as dissipation factor (D), equivalent series resistance (ESR), capacitance (Cp), and impedance (Z), which serve as health indicators (HI) for the evaluation of the AECs. Time-domain features were extracted from the measured data, and the best features were selected using the correlation-based technique. This research contributes to developing a cost-effective CM approach for AECs used in power electronics equipment, which can reduce downtime and maintenance costs."
10.36001/ijphm.2023.v14i2.3545,Fault- Tolerant DC-DC Converter with Zero Interruption Time Using Capacitor Health Prognosis,Sharma K Preethi; T Vijayakumar,International Journal of Prognostics and Health Management,2023,journal-article,"PHM Society (all: PHM Conf, PHME, IJPHM, PHMAP)",0,"A high-end critical electronic system is expected to have hundreds of electronic subsystems, which rely on the Power Management Unit (PMU) to be energized. Having an efficient PMU is crucial and it requires reliable and well-structured voltage buck converters to translate the supplied voltage levels. The buck converters employed in PMU are expected to be fault tolerant and supply uninterrupted power while serving critical subsystems. Active redundant parallel buck converters employed in PMU to achieve fault tolerance increases overhead in terms of area, cost and power dissipation. In this paper, a DC-DC converter is designed for the PMU by combining two legs of buck converters with an effective output of 3.3 V. A simple yet effective technique is proposed to design a fault-tolerant buck DC-DC converter by bypassing a faulty converter leg. The proposed system utilizes an online signal processing-based method for prognostic fault detection. Ripple content in the voltage of the output Aluminum Electrolytic Capacitor (AEC) is monitored and used as a primary health indicator for the primary buck converter leg. Increase in the output ripple due to degradation is used for the prognosis of primary converter failure. The secondary buck converter leg is activated only upon the confirmed prognosis of a faulty primary converter leg to avoid false triggering. The timely prognosis of primary converter failure and activation of secondary converter facilitates uninterrupted power supply. An "
10.1016/j.microrel.2022.114755,Failure mechanism and life estimate of metallized film capacitor under high temperature and humidity,Tai Yunxiao; Chen Pengqi; Jian Yang; Fang Qingqing,Microelectronics Reliability,2022,journal-article,Microelectronics Reliability,29,
10.1109/jestpe.2021.3094715,An Online Proactive Health Monitoring Method for Output Capacitors of Vehicular Auxiliary Converter,Wu Chenhao; Yue Jiguang; Liu Jincheng; Wang Li,IEEE Journal of Emerging and Selected Topics in Power Electronics,2022,journal-article,IEEE JESTPE,22,
10.1016/j.microrel.2022.114609,Degradation mechanisms-based reliability modeling for metallized film capacitors under temperature and voltage stresses,Hu Yifan; Ye Xuerong; Zheng Bokai; Zhao Zichuan,Microelectronics Reliability,2022,journal-article,Microelectronics Reliability,16,
10.1016/j.microrel.2022.114646,A data-driven method for anomaly detection and aging model parameter estimation of capacitors based on condition monitoring,Lv Chunlin; Liu Jinjun; Zhang Yan,Microelectronics Reliability,2022,journal-article,Microelectronics Reliability,10,
10.1109/jestpe.2021.3101849,Detection and Identification of Power Device Failures Using Discrete Fourier Transform for Fault-Tolerant Operation of Flying Capacitor Multilevel Converters,Tang Sai; Wang Jun; Zhang Chao; Wang Daming,IEEE Journal of Emerging and Selected Topics in Power Electronics,2022,journal-article,IEEE JESTPE,6,
10.1109/jestpe.2021.3103830,Current-Limiting Virtual Synchronous Control and Stability Analysis Considering DC-Link Dynamics Under Normal and Faulty Grid Conditions,Dedeoglu Seyfullah; Konstantopoulos George C.; Komurcugil Hasan,IEEE Journal of Emerging and Selected Topics in Power Electronics,2022,journal-article,IEEE JESTPE,6,
10.1109/jestpe.2022.3175457,Lifetime Prediction of Mica Paper Capacitors Based on an Improved Iterative Grey–Markov Chain Model,Liu Shifei; Zhang Jiande; Zhang Zicheng,IEEE Journal of Emerging and Selected Topics in Power Electronics,2022,journal-article,IEEE JESTPE,3,
10.1016/j.microrel.2022.114566,Failure analysis on capacitor failures using simple circuit edit passive voltage contrast method,Ting Siong Luong; Tan Pik Kee; Thoungh Hnin Hnin Win; Menon Krishnanunni,Microelectronics Reliability,2022,journal-article,Microelectronics Reliability,2,
10.1016/j.microrel.2022.114691,`Failure analysis of short-circuit failure of metal-oxide-metal capacitor,Wang Yan; Zhu Qingguo; Huang Caiqing,Microelectronics Reliability,2022,journal-article,Microelectronics Reliability,2,
10.1016/j.microrel.2022.114768,An event-oriented reliability assessment for DC link capacitors in grid connected inverter with low voltage ride through operation,Liu Yi; Zhu Mingshuo; Huang Meng; Zha Xiaoming,Microelectronics Reliability,2022,journal-article,Microelectronics Reliability,2,
10.1109/jestpe.2020.2981806,Lifetime Analysis of Metallized Polypropylene Capacitors in Modular Multilevel Converter Based on Finite Element Method,Yao Ran; Li Hui; Lai Wei; Bahman Amir Sajjad,IEEE Journal of Emerging and Selected Topics in Power Electronics,2021,journal-article,IEEE JESTPE,43,
10.1109/jestpe.2020.3000130,Electrothermal Stress Analysis and Lifetime Evaluation of DC-Link Capacitor Banks in the Railway Traction Drive System,Yao Bo; Ge Xinglai; Xie Dong; Li Songtao,IEEE Journal of Emerging and Selected Topics in Power Electronics,2021,journal-article,IEEE JESTPE,42,
10.1109/jestpe.2020.3001604,Reliability Modeling for Metallized Film Capacitors Based on Time-Varying Stress Mission Profile and Aging of ESR,Lv Chunlin; Liu Jinjun; Zhang Yan; Lei Wanjun,IEEE Journal of Emerging and Selected Topics in Power Electronics,2021,journal-article,IEEE JESTPE,32,
10.1109/jestpe.2020.3033657,DC-Link Voltage Control Aided for the Inertial Support During Severe Faults in Weak Grids,Khayat Yousef; Golestan Saeed; Guerrero Josep M.; Vasquez Juan C.,IEEE Journal of Emerging and Selected Topics in Power Electronics,2021,journal-article,IEEE JESTPE,17,
10.1109/jestpe.2020.3012201,Detection and Identification of Power Switch Failures Using Discrete Fourier Transform for DC–DC Flying Capacitor Buck Converters,Tang Sai; Wang Jun; Zheng Ruqiang; Wang Daming,IEEE Journal of Emerging and Selected Topics in Power Electronics,2021,journal-article,IEEE JESTPE,14,
10.1016/j.microrel.2021.114277,Reliability assessment of film capacitors oriented by dependent and nonlinear degradation considering three-source uncertainties,Ye Xuerong; Hu Yifan; Zheng Bokai; Chen Cen,Microelectronics Reliability,2021,journal-article,Microelectronics Reliability,13,
10.1016/j.microrel.2021.114245,A method to improve the accuracy and efficiency for metallized-film capacitor's reliability assessment using joint simulation,Yin Jinpeng; Liu Jinjun; Zhang Yan; Lv Chunlin,Microelectronics Reliability,2021,journal-article,Microelectronics Reliability,5,
10.1109/tdmr.2020.3048060,Popcorning Failures in Polymer and MnO2 Tantalum Capacitors,Teverovsky Alexander,IEEE Transactions on Device and Materials Reliability,2021,journal-article,IEEE Trans. Device and Materials Reliability,5,
10.1109/tdmr.2021.3104320,Reliability Characterization of a Low-<i>k</i> Dielectric Using Magnetoresistance as a Diagnostic Tool,Williams Philip A.; Lloyd James R.,IEEE Transactions on Device and Materials Reliability,2021,journal-article,IEEE Trans. Device and Materials Reliability,4,
10.1109/tdmr.2021.3120966,Eight-Level/Cell Storage by Tuning the Spatial Distribution of Dielectrics in a Tri-Layer ReRAM Cell: Electrical Characteristics and Reliability,Vishwakarma Kavita; Kishore Rishabh; Datta Arnab,IEEE Transactions on Device and Materials Reliability,2021,journal-article,IEEE Trans. Device and Materials Reliability,1,
10.1109/tdmr.2021.3120102,Erratum to “Reliability Characterization of a Low-<i>k</i> Dielectric Using Magnetoresistance as a Diagnostic Tool”,Williams Philip A.; Lloyd James R.,IEEE Transactions on Device and Materials Reliability,2021,journal-article,IEEE Trans. Device and Materials Reliability,0,
10.1016/j.microrel.2020.113892,An improved lifetime prediction method for metallized film capacitor considering harmonics and degradation process,Lv Chunlin; Liu Jinjun; Zhang Yan; Lei Wanjun,Microelectronics Reliability,2020,journal-article,Microelectronics Reliability,25,
10.1016/j.microrel.2020.113725,Reliability analysis of multilayer polymer aluminum electrolytic capacitors,Romero Jose; Azarian Michael H.; Pecht Michael,Microelectronics Reliability,2020,journal-article,Microelectronics Reliability,18,
10.1016/j.microrel.2020.113737,A method to extract lumped thermal networks of capacitors for reliability oriented design,Delmonte N.; Cabezuelo D.; Kortabarria I.; Santoro D.,Microelectronics Reliability,2020,journal-article,Microelectronics Reliability,11,
10.36001/ijphm.2012.v3i2.1364,Towards A Model-based Prognostics Methodology for Electrolytic Capacitors: A Case Study Based on Electrical Overstress Accelerated Aging,Celaya Jos´e R.; Kulkarni Chetan S.; Biswas Gautam; Goebel Kai,International Journal of Prognostics and Health Management,2020,journal-article,"PHM Society (all: PHM Conf, PHME, IJPHM, PHMAP)",8,"This paper presents a model-driven methodology for predicting the remaining useful life of electrolytic capacitors. This methodology adopts a Kalman filter approach in conjunction with an empirical state-based degradation model to predict the degradation of capacitor parameters through the life of the capacitor. Electrolytic capacitors are important components of systems that range from power supplies on critical avionics equipment to power drivers for electro-mechanical actuators. These devices are known for their comparatively low reliability and given their critical role in the system, they are good candidates for component level prognostics and health management. Prognostics provides a way to assess remaining useful life of a capacitor based on its current state of health and its anticipated future usage and operational conditions. This paper proposes and empirical degradation model and discusses experimental results for an accelerated aging test performed on a set of identical capacitors subjected to electrical stress. The data forms the basis for developing the Kalman-filter based remaining life prediction algorithm."
10.1016/j.microrel.2020.113858,Correlative microscopy workflow for precise targeted failure analysis of multi-layer ceramic capacitors,May Nicholas; Favata Joseph; Ahmadi Bahar; Tavousi Pouya,Microelectronics Reliability,2020,journal-article,Microelectronics Reliability,7,
10.1016/j.microrel.2020.113780,Magnetic field imaging and light induced capacitance alteration for failure analysis of Cu-TSV interconnects,De Wolf Ingrid; Jacobs Kristof J.P.; Orozco Antonio,Microelectronics Reliability,2020,journal-article,Microelectronics Reliability,5,
10.36001/ijphm.2013.v4i1.1448,Physics Based Degradation Models for Electrolytic Capacitor Prognostics under Thermal Overstress Conditions,Kulkarni Chetan S.; Biswas Gautam; Celaya Jos´e R.; Goebel Kai,International Journal of Prognostics and Health Management,2020,journal-article,"PHM Society (all: PHM Conf, PHME, IJPHM, PHMAP)",3,"Electronics subsystems play an increasingly important role in safety critical systems for monitoring, control, and enhanced functionality. Electrolytic capacitors are an important component in ,amy subsystems that range from power supplies on safety critical avionics equipment to power drivers for electro-mechanical actuators. These capacitors are ideal forpassing or bypassing low-frequency signals in power supplies but are known to have lower reliability compared to ceramic and tantalum capacitors, and given their criticality in electronicssubsystems they are a good candidate for component level monitoring and prognostics. Prognostics provides a way to assess remaining useful life of components and systems based on their current state of health and their anticipated future use and operating conditions. Past experiences have shown that capacitor degradation and failures are quite prevalent under high electrical and thermal stress conditions that they experience during operations. Our focus in this work is on deriving a physics-based degradation model for electrolytic capacitors under thermal stress conditions. As part of our methodology, we study the effects of accelerated aging due to thermal stress on a batch of capacitors stored at high ambient temperature conditions. This provides a framework for supplementing theoretical modeling with data collected from simultaneous experiments, which is then used to validate the derived models. This work represents a first step toward "
10.1016/j.microrel.2020.113817,Reliability-oriented optimization of aluminum electrolytic capacitor considering uncertain mission profile,Niu Hao; Wang Shujuan; Ye Xuerong,Microelectronics Reliability,2020,journal-article,Microelectronics Reliability,3,
10.36001/phme.2020.v5i1.1201,Hybrid Fault Prognosis for Excitation Capacitors of Self-Excited Induction Generator for Wind Energy Applications,Derbal Massinissa; Toubakh Houari; Sayed-Mouchaweh Moamar; Bouchachia Abdelhamid,PHM Society European Conference,2020,journal-article,"PHM Society (all: PHM Conf, PHME, IJPHM, PHMAP)",0,"This paper presents a new fault prognosis approach applied to wind turbine system based on self-excited induction generator (SEIG) for offshore and isolated areas. This generator is very sensitive to wind speed variation and excitation source. The SEIG is excited by a capacitor bank with an appropriate value to ensure the good operating of the production system. Capacitor bank faults are usually related to chemical aging, electrical and thermal stress conditions. These abnormalities can affect one or more properties of the system, which can lead to failures or even complete breakdown of the production system. Specifically, in this paper, we propose a saturated flux model for the SEIG and develop a hybrid monitoring method that detects faults occurrence gradually and estimates the remaining useful life (RUL). Such monitoring method applies data mining techniques in order to identify and track the faults using only useful data that captures the dynamics of the degradation. Moreover, to deploy efficient maintenance schedules, RUL is estimated by exploiting wind speed (variable and max speed) information. The proposed hybrid fault prognosis method is tested under variable excitation capacitors degradation scenarios. The obtained results confirm the robustness and accuracy of the proposed method."
10.1016/j.microrel.2018.11.003,Metallized film capacitors used for EMI filtering: A reliability review,Valentine Nathan; Azarian Michael H.; Pecht Michael,Microelectronics Reliability,2019,journal-article,Microelectronics Reliability,76,
10.1016/j.microrel.2018.12.005,Reliability issue related to dielectric charging in capacitive micromachined ultrasonic transducers: A review,Munir Junaid; Ain Quratul; Lee Hyunjoo Jenny,Microelectronics Reliability,2019,journal-article,Microelectronics Reliability,28,
10.1109/tr.2018.2869212,Modeling the Ageing Effect of Cycling Using a Supercapacitor-Module Under High Temperature With Electrochemical Impedance Spectroscopy Test,Ahmad Hadiza; Wan Wong Yee; Isa Dino,IEEE Transactions on Reliability,2019,journal-article,IEEE Trans. Reliability,24,
10.1016/j.microrel.2019.113401,Degradation modeling for reliability estimation of DC film capacitors subject to humidity acceleration,Zhao Shuai; Chen Shaowei; Wang Huai,Microelectronics Reliability,2019,journal-article,Microelectronics Reliability,18,
10.1016/j.microrel.2019.113491,Benchmarking of capacitor power loss calculation methods for wear-out failure prediction in PV inverters,Lenz João M.; Cupertino Allan F.; Pereira Heverton A.; Zhou Dao,Microelectronics Reliability,2019,journal-article,Microelectronics Reliability,12,
10.1016/j.microrel.2019.113439,Adaptive dc-link voltage control strategy to increase PV inverter lifetime,Callegari J.M.S.; Cupertino A.F.; Ferreira V.N.; Brito E.M.S.,Microelectronics Reliability,2019,journal-article,Microelectronics Reliability,12,
10.1016/j.microrel.2019.113449,Effect of oxide-trapped charge on the anomalous drain avalanche hot carrier degradation of a SiO2 dielectric nMOSFET,Yun Yeohyeok; Seo Ji-Hoon; Kwon Young-Kyu; Kang Bongkoo,Microelectronics Reliability,2019,journal-article,Microelectronics Reliability,4,
10.1016/j.microrel.2018.07.144,Effect of short-circuit stress on the degradation of the SiO2 dielectric in SiC power MOSFETs,Reigosa Paula Diaz; Iannuzzo Francesco; Ceccarelli Lorenzo,Microelectronics Reliability,2018,journal-article,Microelectronics Reliability,53,
10.1016/j.microrel.2018.05.020,Adaptive and robust prediction for the remaining useful life of electrolytic capacitors,Qin Qi; Zhao Shuai; Chen Shaowei; Huang Dengshan,Microelectronics Reliability,2018,journal-article,Microelectronics Reliability,36,
10.1016/j.microrel.2017.11.002,Prognostics of aluminum electrolytic capacitors using artificial neural network approach,Khera Neeraj; Khan Shakeb A.,Microelectronics Reliability,2018,journal-article,Microelectronics Reliability,30,
10.1016/j.microrel.2018.02.012,DC-bias-voltage dependence of degradation of aluminum electrolytic capacitors,Hasegawa K.; Tsuzaki K.; Nishizawa S.,Microelectronics Reliability,2018,journal-article,Microelectronics Reliability,19,
10.1016/j.microrel.2018.06.084,Physics-of-Failure (PoF) methodology for qualification and lifetime assessment of supercapacitors for industrial applications,Temsamani A.B.; Kauffmann S.; Helsen S.; Gaens T.,Microelectronics Reliability,2018,journal-article,Microelectronics Reliability,17,
10.1016/j.microrel.2018.06.027,Lifetime prediction of aluminum electrolytic capacitors in LED drivers considering parameter shifts,Niu H.; Wang S.; Ye X.; Wang H.,Microelectronics Reliability,2018,journal-article,Microelectronics Reliability,16,
10.1109/tdmr.2018.2874359,Analysis of NBTI Degradation in nMOS-Capacitors and nMOSFETs,Benabdelmoumene Abdelmadjid; Djezzar Boualem; Chenouf Amel; Zatout Boumediene,IEEE Transactions on Device and Materials Reliability,2018,journal-article,IEEE Trans. Device and Materials Reliability,12,
10.1016/j.microrel.2018.06.102,Detection and identification of power switch failures for fault-tolerant operation of flying capacitor Buck-boost converters,Tang Sai; Yin Xin; Wang Daming; Zhang Chao,Microelectronics Reliability,2018,journal-article,Microelectronics Reliability,9,
10.1109/jestpe.2018.2866545,Lock-in Thermography Failure Detection on Multilayer Ceramic Capacitors After Flex Cracking and Temperature–Humidity–Bias Stress,Andersson Caroline; Kristensen Ole; Miller Stefanie; Gloor Thomas,IEEE Journal of Emerging and Selected Topics in Power Electronics,2018,journal-article,IEEE JESTPE,8,
10.1016/j.microrel.2018.06.117,Effect of DC/AC stress on the reliability of cell capacitor in DRAM,Kim Gang-Jun; Lee Nam-Hyun; Kim Jongkyun; Seok Jung Eun,Microelectronics Reliability,2018,journal-article,Microelectronics Reliability,5,
10.1016/j.microrel.2018.07.059,Uncertainty analysis of capacitor reliability prediction due to uneven thermal loading in photovoltaic applications,Vernica I.; Wang H.; Blaabjerg F.,Microelectronics Reliability,2018,journal-article,Microelectronics Reliability,5,
10.1016/j.microrel.2017.10.033,Investigations and detections on a new BEOL dielectric failure mechanism at advanced technologies,Chien Wei-Ting Kary; Zhao Yong Atman; Zhang Liwen; Wang Zhijuan,Microelectronics Reliability,2018,journal-article,Microelectronics Reliability,4,
10.1016/j.microrel.2017.01.011,Mechanism of gate dielectric degradation by hydrogen migration from the cathode interface,Higashi Yusuke; Takaishi Riichiro; Kato Koichi; Suzuki Masamichi,Microelectronics Reliability,2017,journal-article,Microelectronics Reliability,15,
10.1109/tdmr.2017.2699287,Reliability Comparison of ZrO<sub>2</sub>-Based DRAM High-k Dielectrics Under DC and AC Stress,Knebel Steve; Zhou Dayu; Schroeder Uwe; Slesazeck Stefan,IEEE Transactions on Device and Materials Reliability,2017,journal-article,IEEE Trans. Device and Materials Reliability,12,
10.1016/j.microrel.2017.06.038,Front-end of line and middle-of-line time-dependent dielectric breakdown reliability simulator for logic circuits,Yang Kexin; Liu Taizhi; Zhang Rui; Kim Dae-Hyun,Microelectronics Reliability,2017,journal-article,Microelectronics Reliability,11,
10.1016/j.microrel.2017.07.083,Degradation of adhesion between Cu and epoxy-based dielectric during exposure to hot humid environments,Ahn Key-one; Park Se-Hoon; Kim Young-Ho,Microelectronics Reliability,2017,journal-article,Microelectronics Reliability,8,
10.1016/j.microrel.2017.06.040,Analysis of time-dependent dielectric breakdown induced aging of SRAM cache with different configurations,Zhang Rui; Liu Taizhi; Yang Kexin; Milor Linda,Microelectronics Reliability,2017,journal-article,Microelectronics Reliability,7,
10.1016/j.microrel.2017.10.025,Comparing the degradation effect of a ‘two-cell’ Supercapacitor-module with and without voltage equalization circuit(s) under experimental self-discharge and load cycling tests,Ahmad Abubakar Hadiza; Isa Dino; Wan Wong Yee,Microelectronics Reliability,2017,journal-article,Microelectronics Reliability,3,
10.1016/j.microrel.2017.06.039,Analysis of errors in estimating wearout characteristics of time-dependent dielectric breakdown using system-level accelerated life test,Kim Dae-Hyun; Milor Linda,Microelectronics Reliability,2017,journal-article,Microelectronics Reliability,2,
10.36001/phmconf.2017.v9i1.2477,An Observer-based On-line Electrolytic Capacitor Health Monitoring System,Foube Laurent; Mollov Stefan,Annual Conference of the PHM Society,2017,journal-article,"PHM Society (all: PHM Conf, PHME, IJPHM, PHMAP)",1,"This work presents a cost-motivated method for reliability health monitoring of an electrolytic capacitor. The monitoring system uses a combination of analogue and digital electronics to optimize the cost. The capacitor aging is detected by on-line and in-situ detection of the evolution of the ESR (Equivalent Series Resistance) which is the most reliable ageing indicator. The algorithm uses waveforms naturally present in the power electronic train and thus the condition monitoring can be performed continuously and without interruption of the industrial process. The monitoring method estimates the ESR by adjusting a capacitor model that emulates the monitored capacitor. The limitation in accuracy of the estimation has no significant influence on the lifetime determination. The principle of the method is explained, along with the design tradeoffs and the monitoring procedure is described in detail. The paper also presents the experimental results obtained from a prototype during accelerated in-situ/inverter ageing tests."
10.1016/j.microrel.2017.03.035,Fast and accurate method of lifetime estimation for HfSiON/SiO2 dielectric n-MOSFETs under positive bias temperature instability,Roh Giyoun; Kim Hyeokjin; Kim Cheolgyu; Kim Dongwoo,Microelectronics Reliability,2017,journal-article,Microelectronics Reliability,1,
10.1016/j.microrel.2017.06.028,Failure analysis of projected capacitance touch panel liquid crystal displays – Two case studies,Lu Jia; Cao Zhennian; Huang Chuangjun; Xiao Kunhui,Microelectronics Reliability,2017,journal-article,Microelectronics Reliability,0,
10.1109/tdmr.2017.2731796,Investigation of Anomalous Hysteresis in MOS Devices With ZrO<sub>2</sub>Gate Dielectrics,Lu Qifeng; Qi Yanfei; Zhao Ce Zhou; Liu Chenguang,IEEE Transactions on Device and Materials Reliability,2017,journal-article,IEEE Trans. Device and Materials Reliability,0,
10.1109/tdmr.2016.2564448,Interfacial Charge Analysis of Heterogeneous Gate Dielectric-Gate All Around-Tunnel FET for Improved Device Reliability,Madan Jaya; Chaujar Rishu,IEEE Transactions on Device and Materials Reliability,2016,journal-article,IEEE Trans. Device and Materials Reliability,226,
10.1016/j.microrel.2016.07.110,Detection of cracks in multilayer ceramic capacitors by X-ray imaging,Andersson C.; Ingman J.; Varescon E.; Kiviniemi M.,Microelectronics Reliability,2016,journal-article,Microelectronics Reliability,32,
10.1109/tdmr.2016.2583262,Gate-Material-Engineered Junctionless Nanowire Transistor (JNT) With Vacuum Gate Dielectric for Enhanced Hot-Carrier Reliability,Pratap Yogesh; Haldar Subhasis; Gupta R. S.; Gupta Mridula,IEEE Transactions on Device and Materials Reliability,2016,journal-article,IEEE Trans. Device and Materials Reliability,16,
10.1016/j.microrel.2016.09.004,Dielectric charging induced drift in micro device reliability-a review,Zhou Wu; He Jiangbo; He Xiaoping; Yu Huijun,Microelectronics Reliability,2016,journal-article,Microelectronics Reliability,13,
10.1109/tdmr.2016.2550504,"Impact of Dielectric Resistive Heater, Bottom Contact and Reading Scheme on the Reliability of Nanoscale Low Power Phase Change Memory (PCM) Cell: 3-D-ADI Modeling",Jagtiani Shalini; Datta Arnab,IEEE Transactions on Device and Materials Reliability,2016,journal-article,IEEE Trans. Device and Materials Reliability,0,
10.1016/j.microrel.2015.06.011,Degradation testing and failure analysis of DC film capacitors under high humidity conditions,Wang Huai; Nielsen Dennis A.; Blaabjerg Frede,Microelectronics Reliability,2015,journal-article,Microelectronics Reliability,52,
10.1016/j.microrel.2015.06.099,Lifetime estimation of high-temperature high-voltage polymer film capacitor based on capacitance loss,Makdessi M.; Sari A.; Venet P.; Aubard G.,Microelectronics Reliability,2015,journal-article,Microelectronics Reliability,28,
10.1016/j.microrel.2015.05.006,All-inkjet printed organic transistors: Dielectric surface passivation techniques for improved operational stability and lifetime,Gomes H.L.; Medeiros M.C.R.; Villani F.; Canudo J.,Microelectronics Reliability,2015,journal-article,Microelectronics Reliability,27,
10.1016/j.microrel.2015.09.032,Simulation study on the lifetime of electrochemical capacitors using the accelerated degradation test under temperature and voltage stresses,Kim Yu Tack; Kim Kwang-Bum; Hyun Yoo Eo; Kim Ick-Jun,Microelectronics Reliability,2015,journal-article,Microelectronics Reliability,18,
10.1016/j.microrel.2015.06.034,Avoiding flex cracks in ceramic capacitors: Analytical tool for a reliable failure analysis and guideline for positioning cercaps on PCBs,Vogel G.,Microelectronics Reliability,2015,journal-article,Microelectronics Reliability,13,
10.1016/j.microrel.2015.06.026,Study on specific effects of high frequency ripple currents and temperature on supercapacitors ageing,German R.; Sari A.; Venet P.; Briat O.,Microelectronics Reliability,2015,journal-article,Microelectronics Reliability,13,
10.36001/phmconf.2015.v7i1.2713,Analysis of Electrolytic Capacitor Degradation under Electrical Overstress for Prognostic Studies,Renwick Jason; S. Kulkarni Chetan; R. Celaya Jose ́,Annual Conference of the PHM Society,2015,journal-article,"PHM Society (all: PHM Conf, PHME, IJPHM, PHMAP)",6,"The implementation of prognostics methodologies to electrical and electronics components and systems has become essential and critical as these systems find more prominence recently as they replace traditional systems in several critical applications. There are several challenges due to the great variety of components used in a system, the continuous development of new electronics technologies, and a general lack of understanding of how electronics fail. Traditional reliability techniques in electronics tend to focus on understanding the time to failure for a batch of components of the same type. In this work, we discuss degradation in electrolytic capacitors which are part of power supplies and are very crucial in their operation. We discuss our experimental setup and further present our findings related to the degradation observed in these capacitors under accelerated electrical aging under different operating conditions. The understanding of the time-dependent degradation process is critical for the development of model-based prognostics algorithms which provide a continuous condition-based estimation of the remaining useful life of the device under test"
10.1016/j.microrel.2015.07.027,An SEM/STM based nanoprobing and TEM study of breakdown locations in HfO2/SiOx dielectric stacks for failure analysis,Shubhakar K.; Bosman M.; Neucheva O.A.; Loke Y.C.,Microelectronics Reliability,2015,journal-article,Microelectronics Reliability,6,
10.1016/j.microrel.2015.08.009,AlN capping layer inserted between Cu and SiCN dielectric barrier layer for enhancing reliability of 28nm technological node and beyond,Zhou Ming,Microelectronics Reliability,2015,journal-article,Microelectronics Reliability,2,
10.1016/j.microrel.2015.06.015,Fault isolation in a case study of failure analysis on Metal–Insulator–Metal capacitor structures,Giuffrida V.; Barbarino P.; Muni G.; Calvagno G.,Microelectronics Reliability,2015,journal-article,Microelectronics Reliability,1,
10.1016/j.microrel.2014.07.103,Metallized polymer film capacitors ageing law based on capacitance degradation,Makdessi M.; Sari A.; Venet P.,Microelectronics Reliability,2014,journal-article,Microelectronics Reliability,104,
10.1109/jestpe.2013.2295061,Fault-Tolerant PMSG Drive With Reduced DC-Link Ratings for Wind Turbine Applications,Freire Nuno M. A.; Cardoso Antonio J. Marques,IEEE Journal of Emerging and Selected Topics in Power Electronics,2014,journal-article,IEEE JESTPE,54,
10.1016/j.microrel.2014.07.105,Prediction of supercapacitors floating ageing with surface electrode interface based ageing law,German R.; Sari A.; Venet P.; Ayadi M.,Microelectronics Reliability,2014,journal-article,Microelectronics Reliability,37,
10.1016/j.microrel.2014.02.030,Analytical solution on interfacial reliability of 3-D through-silicon-via (TSV) containing dielectric liner,Ding Yingtao; Yan Yangyang; Chen Qianwen; Wang Shiwei,Microelectronics Reliability,2014,journal-article,Microelectronics Reliability,35,
10.1109/tr.2014.2315914,Detection and Reliability Risks of Counterfeit Electrolytic Capacitors,Shrivastava Anshul; Azarian Michael H.; Morillo Carlos; Sood Bhanu,IEEE Transactions on Reliability,2014,journal-article,IEEE Trans. Reliability,35,
10.1016/j.microrel.2014.03.013,OFF-state degradation and correlated gate dielectric breakdown in high voltage drain extended transistors: A review,Varghese D.; Reddy V.; Krishnan S.; Alam M.A.,Microelectronics Reliability,2014,journal-article,Microelectronics Reliability,25,
10.1016/j.microrel.2014.07.150,Description of supercapacitor performance degradation rate during thermal cycling under constant voltage ageing test,Ayadi M.; Briat O.; Lallemand R.; Eddahech A.,Microelectronics Reliability,2014,journal-article,Microelectronics Reliability,25,
10.1109/jestpe.2014.2316602,Experimental Considerations on the Battery Lifetime of a Hybrid Power Source Made of Ultracapacitors and Lead-Acid Batteries,Vulturescu Bogdan; Butterbach Stephane; Forgez Christophe,IEEE Journal of Emerging and Selected Topics in Power Electronics,2014,journal-article,IEEE JESTPE,17,
10.1109/tdmr.2014.2331023,Mechanical Reliability of Embedded Array Capacitors in Ultrahigh-Performance Microprocessors,Panat Rahul; Dattaguru Sriram; Balkan Haluk; Min Yongki,IEEE Transactions on Device and Materials Reliability,2014,journal-article,IEEE Trans. Device and Materials Reliability,13,
10.1016/j.microrel.2014.07.089,As-grown donor-like traps in low-k dielectrics and their impact on intrinsic TDDB reliability,Tang B.J.; Croes K.; Barbarin Y.; Wang Y.Q.,Microelectronics Reliability,2014,journal-article,Microelectronics Reliability,10,
10.1016/j.microrel.2014.07.064,Assessment of mechanical reliability of surface mounted capacitor by an accelerated shear fatigue test technique,Magnien J.; Khatibi G.,Microelectronics Reliability,2014,journal-article,Microelectronics Reliability,4,
10.36001/phme.2014.v2i1.1491,A Particle Filtering-Based Approach for the Prediction of the Remaining Useful Life of an Aluminum Electrolytic Capacitor,Rigamonti Marco; Baraldi Piero; Zio Enrico; Astigarraga Daniel,PHM Society European Conference,2014,journal-article,"PHM Society (all: PHM Conf, PHME, IJPHM, PHMAP)",2,"This work focuses on the estimation of the Remaining Useful Life (RUL) of aluminum electrolytic capacitors used in electrical automotive drives under variable and non-stationary operative conditions. The main cause of the capacitor degradation is the vaporization of the electrolyte due to a chemical reaction. Capacitor degradation can be monitored by observing the capacitor Equivalent Series Resistance (ESR) whose measurement, however, is heavily influenced by the measurement temperature, which, under non-stationary operative conditions, is continuously changing. In this work, we introduce a novel degradation indicator which is independent from the measurement temperature and, thus, can be used for real applications under variable operative conditions. The indicator is defined by the ratio between the ESR measured on the degraded capacitor and the ESR expected value on a new capacitor at the present operational temperature. The definition of this indicator has required the investigation of the relationship between ESR and temperature on a new capacitor by means of experimental laboratory tests. The prediction of the capacitor degradation and its failure time has been performed by resorting to a Particle Filtering-based prognostic technique."
10.1016/j.microrel.2014.09.023,Investigation of high performance Edge Lifted Capacitors reliability for GaAs and GaN MMIC technology,Weng Ming-Hung; Chen Chao-Hung; Lin Che-Kai; Huang Shih-Hui,Microelectronics Reliability,2014,journal-article,Microelectronics Reliability,1,
10.1016/j.microrel.2012.06.021,"Reliability of TSV interconnects: Electromigration, thermal cycling, and impact on above metal level dielectric",Frank T.; Moreau S.; Chappaz C.; Leduc P.,Microelectronics Reliability,2013,journal-article,Microelectronics Reliability,117,
10.1016/j.microrel.2013.06.005,Lifetime investigation and prediction of metallized polypropylene film capacitors,Li Zhiwei; Li Hua; Lin Fuchang; Chen Yaohong,Microelectronics Reliability,2013,journal-article,Microelectronics Reliability,42,
10.1016/j.microrel.2013.07.032,Supercapacitors aging diagnosis using least square algorithm,Oukaour A.; Pouliquen M.; Tala-Ighil B.; Gualous H.,Microelectronics Reliability,2013,journal-article,Microelectronics Reliability,21,
10.1109/tdmr.2013.2281731,NBTI Reliability of SiGe and Ge Channel pMOSFETs With $ \hbox{SiO}_{2}/\hbox{HfO}_{2}$ Dielectric Stack,Franco Jacopo; Kaczer Ben; Mitard Jerome; Toledano-Luque Maria,IEEE Transactions on Device and Materials Reliability,2013,journal-article,IEEE Trans. Device and Materials Reliability,21,
10.1016/j.microrel.2013.07.079,Thermal cycling impacts on supercapacitor performances during calendar ageing,Ayadi M.; Briat O.; Eddahech A.; German R.,Microelectronics Reliability,2013,journal-article,Microelectronics Reliability,15,
10.1016/j.microrel.2013.07.030,Impact of high frequency current ripple on supercapacitors ageing through floating ageing tests,German R.; Briat O.; Sari A.; Venet P.,Microelectronics Reliability,2013,journal-article,Microelectronics Reliability,11,
10.1016/j.microrel.2013.07.051,Analysis of ultracapacitors ageing in automotive application,Catelani M.; Ciani L.; Marracci M.; Tellini B.,Microelectronics Reliability,2013,journal-article,Microelectronics Reliability,9,
10.36001/phmconf.2013.v5i1.2277,Degredation Modeling and Remaining Useful Life Prediction of Electrolytic Capacitors under Thermal Overstress Condition Using Particle Filters,Khorasgani Hamed; Kulkarni Chetan; Biswas Gautam; R. Celaya Jose ́,Annual Conference of the PHM Society,2013,journal-article,"PHM Society (all: PHM Conf, PHME, IJPHM, PHMAP)",3,"Prognostic and remaining useful life (RUL) predictions for electrolytic capacitors under thermal overstress condition are investigated in this paper. In the first step, the degradation process is modeled as a physics of failure process. All of the relevant parameters and states of the capacitor are considered during the degradation process. A particle filter approach is utilized to derive the dynamic form of the degradation model and estimate the current state of capacitor health. This model is then used to get more accurate estimation of the Remaining Useful Life (RUL) of the capacitors as they are subjected to the thermal stress conditions. The paper includes an experimental study, where the degradation of a set of identical capacitors under thermal overstress conditions is studied to demonstrate and validate the performance of the degradation modeling approach."
10.1016/j.microrel.2013.07.046,Resistive switching like-behavior in MOSFETs with ultra-thin HfSiON dielectric gate stack: pMOS and nMOS comparison and reliability implications,Crespo-Yepes A.; Martín-Martínez J.; Rodríguez R.; Nafría M.,Microelectronics Reliability,2013,journal-article,Microelectronics Reliability,0,
10.1109/tdmr.2012.2211875,In-Line Supermapping of Storage Capacitor for Advanced Stack DRAM Reliability,Lee Chung-Yuan; Lai Chao-Sung; Hu Yaw-Wen; Wang Wun,IEEE Transactions on Device and Materials Reliability,2013,journal-article,IEEE Trans. Device and Materials Reliability,0,
10.1016/j.microrel.2012.06.099,Calendar and cycling ageing of activated carbon supercapacitor for automotive application,Gualous H.; Gallay R.; Al Sakka M.; Oukaour A.,Microelectronics Reliability,2012,journal-article,Microelectronics Reliability,46,
10.36001/phme.2012.v1i1.1423,Physics Based Electrolytic Capacitor Degradation Models for Prognostic Studies under Thermal Overstress,Kulkarni Chetan S.; Celaya José R.; Goebel Kai; Biswas Gautam,PHM Society European Conference,2012,journal-article,"PHM Society (all: PHM Conf, PHME, IJPHM, PHMAP)",15,"Electrolytic capacitors are used in several applications ranging from power supplies on safety critical avionics equipment to power drivers for electro-mechanical actuators. This makes them good candidates for prognostics and health management research. Prognostics provides a way to assess remaining useful life of components or systems based on their current state of health and their anticipated future use and operational conditions. Past experiences show that capacitors tend to degrade and fail faster under high electrical and thermal stress conditions that they are often subjected to during operations. In this work, we study the effects of accelerated aging due to thermal stress on different sets of capacitors under different conditions. Our focus is on deriving first principles degradation models for thermal stress conditions. Data collected from simultaneous experiments are used to validate the desired models. Our overall goal is to derive accurate models of capacitor degradation, and use them to predict performance changes in DC-DC converters."
10.1016/j.microrel.2011.08.005,Investigations on electrical characteristics and reliability properties of MOS capacitors using HfAlOx on n-GaAs substrates,Das P.S.; Biswas Abhijit,Microelectronics Reliability,2012,journal-article,Microelectronics Reliability,15,
10.1109/tdmr.2011.2162517,Prognostics of Multilayer Ceramic Capacitors Via the Parameter Residuals,Sun Jianzhong; Cheng Shunfeng; Pecht Michael,IEEE Transactions on Device and Materials Reliability,2012,journal-article,IEEE Trans. Device and Materials Reliability,14,
10.1016/j.microrel.2011.09.010,A finite weakest-link model of lifetime distribution of high-k gate dielectrics under unipolar AC voltage stress,Le Jia-Liang,Microelectronics Reliability,2012,journal-article,Microelectronics Reliability,13,
10.1016/j.microrel.2011.08.010,Reliability issues of double gate dielectric stacks based on hafnium dioxide (HfO2) layers for non-volatile semiconductor memory (NVSM) applications,Mroczyński Robert; Beck Romuald B.,Microelectronics Reliability,2012,journal-article,Microelectronics Reliability,12,
10.1109/tdmr.2011.2168527,Reliability of Embedded Planar Capacitors With Epoxy–$\hbox{BaTiO}_{3}$ Composite Dielectric During Temperature–Humidity–Bias Tests,Alam Mohammed A.; Azarian Michael H.; Pecht Michael G.,IEEE Transactions on Device and Materials Reliability,2012,journal-article,IEEE Trans. Device and Materials Reliability,7,
10.1016/j.microrel.2012.06.049,MIM capacitor-related early-stage field failures,Lu Jia; Cao BoCheng; Wu WenShe; Dai YuFeng,Microelectronics Reliability,2012,journal-article,Microelectronics Reliability,6,
10.1016/j.microrel.2012.07.002,Backend dielectric reliability simulator for microprocessor system,Chen Chang-Chih; Ahmed Fahad; Kim Dae Hyun; Lim Sung Kyu,Microelectronics Reliability,2012,journal-article,Microelectronics Reliability,4,
10.36001/phmconf.2012.v4i1.2138,Bayesian Framework Approach for Prognostic Studies in Electrolytic Capacitor under Thermal Overstress Conditions,S. Kulkarni Chetan; R. Celaya Jose ́; Goebel Kai; Biswas Gautam,Annual Conference of the PHM Society,2012,journal-article,"PHM Society (all: PHM Conf, PHME, IJPHM, PHMAP)",3,"Electrolytic capacitors are used in several applications ranging from power supplies for safety critical avionics equipment to power drivers for electro-mechanical actuators. Past experiences show that capacitors tend to degrade and fail faster when subjected to high electrical or thermal stress conditions during operations. This makes them good candidates for prognostics and health management. Model-based prognostics captures system knowledge in the form of physics-based models of components in order to obtain accurate predictions of end of life based on their current state of health and their anticipated future use and operational conditions. The focus of this paper is on deriving first principles degradation models for thermal stress conditions and implementing Bayesian framework for making remaining useful life predictions. Data collected from simultaneous experiments are used to validate the models. Our overall goal is to derive accurate models of capacitor degradation, and use them to remaining useful life in DC-DC converters."
10.1016/j.microrel.2012.07.006,Repetitive high peak current pulsed discharge film-capacitor reliability testing,Dang H.Q.S.; Corfield M.R.; Castellazzi A.; Johnson C.M.,Microelectronics Reliability,2012,journal-article,Microelectronics Reliability,3,
10.1109/tdmr.2012.2187294,Electrical and Reliability Characteristics of HfLaTiO-Gated Metal–Oxide–Semiconductor Capacitors With Various Ti Concentrations,Chin-Lung Cheng; Jeng-Haur Horng; Yu-Zhen Wu,IEEE Transactions on Device and Materials Reliability,2012,journal-article,IEEE Trans. Device and Materials Reliability,2,
10.1016/j.microrel.2011.07.081,On the reliability of electrostatic NEMS/MEMS devices: Review of present knowledge on the dielectric charging and stiction failure mechanisms and novel characterization methodologies,Zaghloul Usama; Papaioannou George; Bhushan Bharat; Coccetti Fabio,Microelectronics Reliability,2011,journal-article,Microelectronics Reliability,62,
10.1016/j.microrel.2011.01.002,Temperature and voltage aging effects on electrical conduction mechanism in epoxy-BaTiO3 composite dielectric used in embedded capacitors,Alam Mohammed A.; Azarian Michael H.; Osterman Michael; Pecht Michael,Microelectronics Reliability,2011,journal-article,Microelectronics Reliability,27,
10.1016/j.microrel.2011.07.014,How supercapacitors reach end of life criteria during calendar life and power cycling tests,Chaari R.; Briat O.; Delétage J.Y.; Woirgard E.,Microelectronics Reliability,2011,journal-article,Microelectronics Reliability,23,
10.36001/phmconf.2011.v3i1.2004,A Model-based Prognostics Methodology for Electrolytic Capacitors Based on Electrical Overstress Accelerated Aging,R. Celaya Jose ́; Kulkarni Chetan; Biswas Gautam; Saha Sankalita,Annual Conference of the PHM Society,2011,journal-article,"PHM Society (all: PHM Conf, PHME, IJPHM, PHMAP)",15,"A remaining useful life prediction methodology for electrolytic capacitors is presented. This methodology is based on the Kalman filter framework and an empirical degradation model. Electrolytic capacitors are used in several applications ranging from power supplies on critical avionics equipment to power drivers for electro-mechanical actuators. These devices are known for their comparatively low reliability and given their criticality in electronics subsystems they are a good candidate for component level prognostics and health management. Prognostics provides a way to assess remaining useful life of a capacitor based on its current state of health and its anticipated future usage and operational conditions. We present here also, experimental results of an accelerated aging test under electrical stresses. The data obtained in this test form the basis for a remaining life prediction algorithm where a model of the degradation process is suggested. This preliminary remaining life prediction algorithm serves as a demonstration of how prognostics methodologies could be used for electrolytic capacitors. In addition, the use degradation progression data from accelerated aging provides an avenue for validation of applications of the Kalman filter based prognostics methods typically used for remaining useful life predictions in other applications."
10.1016/j.microrel.2010.10.013,Acoustic emission for detecting deterioration of capacitors under aging,Smulko Janusz; Józwiak Kazimierz; Olesz Marek; Hasse Lech,Microelectronics Reliability,2011,journal-article,Microelectronics Reliability,13,
10.1109/tdmr.2011.2108300,Comparison of the Reliability of Thin $\hbox{Al}_{2} \hbox{O}_{3}$ Gate Dielectrics Prepared by In Situ Oxidation of Sputtered Aluminum in Oxygen Ambient With and Without Nitric Acid Compensation,Lin Chien-Chih; Hwu Jenn-Gwo,IEEE Transactions on Device and Materials Reliability,2011,journal-article,IEEE Trans. Device and Materials Reliability,11,
10.1016/j.microrel.2011.02.006,Reliability of thin ZrO2 gate dielectric layers,O’Connor Robert; Hughes Greg; Kauerauf Thomas; Ragnarsson Lars-Ake,Microelectronics Reliability,2011,journal-article,Microelectronics Reliability,5,
10.1109/tdmr.2011.2121067,Failure Rates for Interconnect Dielectric Breakdown: Trends Determining Technology Reliability Scaling Limits,Achanta Ravi; McLaughlin Paul; Chen Fen,IEEE Transactions on Device and Materials Reliability,2011,journal-article,IEEE Trans. Device and Materials Reliability,3,
10.1016/j.microrel.2011.10.008,Erratum to “On the reliability of electrostatic NEMS/MEMS devices: Review of present knowledge on the dielectric charging and stiction failure mechanisms and novel characterization methodologies” [MR 51/9–11 (2011) 1810–1818],Zaghloul Usama; Papaioannou George; Bhushan Bharat; Coccetti Fabio,Microelectronics Reliability,2011,journal-article,Microelectronics Reliability,2,
10.1016/j.microrel.2010.09.026,Application of Machine Model ESD tester to high volume capacitor reliability testing,Meeder Michael G.; Marchut Leslie; Antonell Michael J.; Fresina Michael T.,Microelectronics Reliability,2011,journal-article,Microelectronics Reliability,1,
10.1109/tdmr.2010.2103316,Field Dependence of Porous Low-$k$ Dielectric Breakdown as Revealed by the Effects of Line Edge Roughness on Failure Distributions,Lee S. C.; Oates A. S.; Chang K. M.,IEEE Transactions on Device and Materials Reliability,2011,journal-article,IEEE Trans. Device and Materials Reliability,1,
10.1016/j.microrel.2010.07.144,Supercapacitor ageing at constant temperature and constant voltage and thermal shock,Gualous H.; Gallay R.; Alcicek G.; Tala-Ighil B.,Microelectronics Reliability,2010,journal-article,Microelectronics Reliability,106,
10.1016/j.microrel.2010.07.118,Contribution of calendar ageing modes in the performances degradation of supercapacitors during power cycling,Briat O.; Vinassa J.-M.; Bertrand N.; El Brouji H.,Microelectronics Reliability,2010,journal-article,Microelectronics Reliability,27,
10.1016/j.microrel.2009.11.006,Accelerated testing for failures of tantalum capacitors,Virkki J.; Seppälä T.; Frisk L.; Heino P.,Microelectronics Reliability,2010,journal-article,Microelectronics Reliability,16,
10.36001/phmconf.2010.v2i1.1727,Experimental Studies of Ageing in Electrolytic Capacitors,Kulkarni Chetan; Biswas Gautam; Koutsoukos Xenofon; Celaya Jose,Annual Conference of the PHM Society,2010,journal-article,"PHM Society (all: PHM Conf, PHME, IJPHM, PHMAP)",11,"Understanding the ageing mechanisms of electronic components critical avionics systems such as the GPS and INAV are of critical importance. Electrolytic capacitors and MOSFET’s have higher failure rates among the components of DC-DC power converter systems. Our current work focuses on analyzing and modeling electrolytic capacitor degradation and its effects on the output of DC-DC converter systems. The output degradation is typically measured by an increase in ESR (Equivalent Series Resistance) and decrease in the capacitance value over long periods of use even under nominal operating conditions. Typically the primary effect of degradation is increased ripple current and this has adverse effects on downstream components. For example, in avionics systems where the power supply drives a GPS unit, ripple currents can cause glitches in the GPS position and velocity output, and this may cause errors in the Inertial Navigation (INAV) system, causing the aircraft to fly off course. In this paper, we present the details of our ageing methodology along with details of experiments and analysis of the results."
10.1016/j.microrel.2010.07.005,Comparison of electrical stress-induced charge carrier generation/trapping and related degradation of SiO2 and HfO2/SiO2 gate dielectric stacks,Samanta Piyas; Zhu Chunxiang; Chan Mansun,Microelectronics Reliability,2010,journal-article,Microelectronics Reliability,11,
10.1016/j.microrel.2010.05.004,Plasma-enhanced flexible metal–insulator–metal capacitor using high-k ZrO2 film as gate dielectric with improved reliability,Chu Min-Ching; Meena Jagan Singh; Cheng Chih-Chia; You Hsin-Chiang,Microelectronics Reliability,2010,journal-article,Microelectronics Reliability,9,
10.1016/j.microrel.2010.01.012,Impact of Hf content on positive bias temperature instability reliability of HfSiON gate dielectrics,Chen H.W.; Liu C.H.,Microelectronics Reliability,2010,journal-article,Microelectronics Reliability,7,
10.1016/j.microrel.2010.01.014,Electrical characteristics and reliability properties of metal–oxide–semiconductor capacitors with HfZrLaO gate dielectrics,Liu C.H.; Chen H.W.,Microelectronics Reliability,2010,journal-article,Microelectronics Reliability,7,
10.1016/j.microrel.2010.04.002,Improved electrical characteristics and reliability of amorphous InGaZnO metal–insulator–semiconductor capacitor with high κ HfOxNy gate dielectric,Zou Xiao; Fang Guojia; Yuan Longyan; Tong Xingsheng,Microelectronics Reliability,2010,journal-article,Microelectronics Reliability,7,
10.1109/tdmr.2009.2035689,Composition Effects of $\hbox{Ti}_{x}\hbox{Ta}_{y}$  Dual-Doped $\hbox{HfO}_{x}/\hbox{SiO}_{2}$ Stacked Dielectrics on Electrical and Reliability Characteristics of Advanced Metal-Oxide-Semiconductor Capacitors,Chin-Lung Cheng; Jeng-Haur Horng; Jin-Tsong Jeng; Min-Sheng Chiu,IEEE Transactions on Device and Materials Reliability,2010,journal-article,IEEE Trans. Device and Materials Reliability,3,
10.1016/j.microrel.2010.07.111,Modeling the effect of barrier thickness and low-k dielectric on circuit reliability using 3D model,He Feifei; Tan Cher Ming,Microelectronics Reliability,2010,journal-article,Microelectronics Reliability,2,
10.1016/j.microrel.2010.07.023,Development of a matrix test board for capacitor reliability testing,Virkki J.; Koskenkorva A.; Frisk L.,Microelectronics Reliability,2010,journal-article,Microelectronics Reliability,1,
10.1016/j.microrel.2010.02.021,Intrinsic and extrinsic reliability of a serial connection of capacitors,Allers K.-H.,Microelectronics Reliability,2010,journal-article,Microelectronics Reliability,0,
10.1016/j.microrel.2010.06.009,Detailed investigation of the effects of La and Al content on the electrical characteristics and reliability properties of La–Al–O gate dielectrics,Suzuki Masamichi; Koyama Masato; Kinoshita Atsuhiro,Microelectronics Reliability,2010,journal-article,Microelectronics Reliability,0,
10.1109/tdmr.2009.2020565,Review of Device and Reliability Physics of Dielectrics in Electrostatically Driven MEMS Devices,de Groot W.A.; Webster J.R.; Felnhofer D.; Gusev E.P.,IEEE Transactions on Device and Materials Reliability,2009,journal-article,IEEE Trans. Device and Materials Reliability,71,
10.1109/tdmr.2009.2020741,Reliability of La-Doped Hf-Based Dielectrics nMOSFETs,Chang Yong Kang; Kirsch P.D.; Byoung Hun Lee; Hsing-Huang Tseng,IEEE Transactions on Device and Materials Reliability,2009,journal-article,IEEE Trans. Device and Materials Reliability,18,
10.1016/j.microrel.2009.07.033,A methodology to extract failure rates for low-k dielectric breakdown with multiple geometries and in the presence of die-to-die linewidth variation,Bashir Muhammad; Milor Linda,Microelectronics Reliability,2009,journal-article,Microelectronics Reliability,14,
10.1109/tdmr.2008.2012057,Characteristics and Reliability of Hafnium Oxide Dielectric Stacks With Room Temperature Grown Interfacial Anodic Oxide,Chang C.-H.; Hwu J.-G.,IEEE Transactions on Device and Materials Reliability,2009,journal-article,IEEE Trans. Device and Materials Reliability,9,
10.1109/tdmr.2009.2020153,Scintillation Breakdowns and Reliability of Solid Tantalum Capacitors,Teverovsky A.,IEEE Transactions on Device and Materials Reliability,2009,journal-article,IEEE Trans. Device and Materials Reliability,6,
