doi,level_assigned,level_final,audit,audit_reason,audit_lenses,confidence,level_reason,n_reviews,citations,year,title,authors,journal,type,cap_type,method,section,priority,status
10.1109/tie.2016.2586020,7,7,,,2,medium,lifetime monitoring is converted into an economically optimal replacement/operation decision for the grid-feeding PV system,2,48,2016,Lifetime Monitoring of Electrolytic Capacitor to Maximize Earnings From Grid-Feeding PV System,Agarwal Nikunj; Arya Abhinav; Ahmad Md Waseem; Anand Sandeep,IEEE Transactions on Industrial Electronics,journal-article,Al-Cap,Physics-informed/PoF,S9-Deployability,P1,NEED_MANUAL
10.1109/phm.2011.5939474,7,7,,,2,medium,"couples an electrolytic-capacitor degradation model to an explicit maintenance strategy, so the delivered output is a maintenance decision",1,8,2011,Degradation model and maintenance strategy of the electrolytic capacitors for electronics applications,Yuege Zhou; Xuerong Ye; Guofu Zhai,2011 Prognostics and System Health Managment Confernece,proceedings-article,Al-Cap,Physics-informed/PoF,S9-Deployability,P1,NEED_MANUAL
10.1109/tia.2010.2049972,6,6,,,2,medium,"a real-time predictive-maintenance system implies drift extrapolation of the monitored parameter to a predicted end-of-life, not just a present-value estimate",6,185,2010,A Real-Time Predictive-Maintenance System of Aluminum Electrolytic Capacitors Used in Uninterrupted Power Supplies,Abdennadher Karim; Venet Pascal; Rojat Gérard; Retif Jean-Marie et al.,IEEE Transactions on Industry Applications,journal-article,Al-Cap,Model-based/Filtering,S6-RUL,P1,NEED_MANUAL
10.1109/tia.2005.858258,6,6,,,2,medium,"the output is a predicted service life of the bus capacitor from a lifetime model, i.e. a time-to-failure",4,165,2005,Life Prediction Modeling of Bus Capacitors in AC Variable-Frequency Drives,Gasperi M.L.,IEEE Transactions on Industry Applications,journal-article,Al-Cap,Physics-informed/PoF,S6-RUL,P1,NEED_MANUAL
10.1109/tpel.2018.2865710,6,6,,,2,medium,"mission-profile PoF evaluation outputs lifetime/time-to-failure for the capacitor bank, though design-stage rather than measurement-driven",3,87,2019,Mission Profile Based Reliability Evaluation of Capacitor Banks in Wind Power Converters,Zhou Dao; Song Yipeng; Liu Yang; Blaabjerg Frede,IEEE Transactions on Power Electronics,journal-article,NR,Physics-informed/PoF,S2-FailurePhysics,P1,OA_PENDING
10.1109/tie.2016.2581156,6,6,,,2,medium,PoF simulation outputs a predicted lifetime/reliability (time-to-failure) for the electrolytic capacitor in LED drivers,2,102,2016,PoF-Simulation-Assisted Reliability Prediction for Electrolytic Capacitor in LED Drivers,Sun Bo; Fan Xuejun; Qian Cheng; Zhang Guoqi,IEEE Transactions on Industrial Electronics,journal-article,Al-Cap,Physics-informed/PoF,S6-RUL,P1,NEED_MANUAL
10.1177/1687814018781170,6,6,,,2,medium,prognostic model whose abstract targets accurate residual-life assessment of electrolytic capacitors,2,17,2018,An intelligent prognostic model for electrolytic capacitors health monitoring: A design of experiments approach,Bhargava Cherry; Banga Vijay Kumar; Singh Yaduvir,Advances in Mechanical Engineering,journal-article,Al-Cap,Data-driven,S6-RUL,P1,NEED_MANUAL
10.1109/tpel.2014.2360662,6,6,,,2,low,prognostic algorithms delivering RUL on embedded real-time hardware for power-electronic components,1,73,2015,"Computationally Efficient, Real-Time, and Embeddable Prognostic Techniques for Power Electronics",Alghassi Alireza; Perinpanayagam Suresh; Samie Mohammad; Sreenuch Tarapong,IEEE Transactions on Power Electronics,journal-article,NR,Model-based/Filtering,S9-Deployability,P1,NEED_MANUAL
10.1109/ias.1996.559241,6,6,,,2,medium,"lifetime model outputs predicted service life of aluminium electrolytic capacitors, though design-stage rather than condition-fed",1,60,,Life prediction model for aluminum electrolytic capacitors,Gasperi M.L.,IAS '96. Conference Record of the 1996 IEEE Industry Applications Conference Thirty-First ,proceedings-article,Al-Cap,Physics-informed/PoF,S2-FailurePhysics,P2,NEED_MANUAL
10.1109/apec.2010.5433384,6,6,,,2,low,"sensorless scheme whose stated output is predicted capacitor life, not merely an ESR value",1,56,2010,A life prediction scheme for electrolytic capacitors in power converters without current sensor,Pang H. M.; Bryan Pong M. H.,2010 Twenty-Fifth Annual IEEE Applied Power Electronics Conference and Exposition (APEC),proceedings-article,Al-Cap,Model-based/Filtering,S6-RUL,P1,NEED_MANUAL
10.1109/tps.2013.2243476,6,6,,,2,medium,"predicts lifetime of metallized film capacitors from capacitance-loss degradation, output is a life estimate",1,49,2013,Lifetime Prediction of Metallized Film Capacitors Based on Capacitance Loss,Li Zhiwei; Li Hua; Lin Fuchang; Chen Yaohong et al.,IEEE Transactions on Plasma Science,journal-article,Film,Experimental/Physics,S6-RUL,P1,NEED_MANUAL
10.1049/iet-pel.2015.0636,6,6,,,2,medium,abstract tracks ESR over operating time and performs fractional-order failure prediction feeding predictive maintenance,1,39,2016,Fractional order equivalent series resistance modelling of electrolytic capacitor and fractional order failure prediction with application to predictive maintenance,Malek Hadi; Dadras Sara; Chen Yangquan,IET Power Electronics,journal-article,Al-Cap,Model-based/Filtering,S6-RUL,P1,NEED_MANUAL
10.1016/j.microrel.2018.05.020,6,6,,,2,high,explicitly predicts remaining useful life of electrolytic capacitors,1,36,2018,Adaptive and robust prediction for the remaining useful life of electrolytic capacitors,Qin Qi; Zhao Shuai; Chen Shaowei; Huang Dengshan et al.,Microelectronics Reliability,journal-article,Al-Cap,Model-based/Filtering,S6-RUL,P1,NEED_MANUAL
10.1016/j.microrel.2023.114928,6,6,,,2,high,Wiener-process degradation model with similarity measurement outputs RUL of aluminum electrolytic capacitors,1,32,2023,A remaining useful life prediction method of aluminum electrolytic capacitor based on wiener process and similarity measurement,Zhao Jin; Zhou Yang; Zhu Qi; Song Yujin et al.,Microelectronics Reliability,journal-article,Al-Cap,Model-based/Filtering,S6-RUL,P1,NEED_MANUAL
10.1109/tdmr.2011.2162517,5,6,UPGRADED,"Verified abstract (OpenAlex, verbatim): 'This paper presents a parameter residual-based method for predicting the remaining useful life (RUL) of multilayer ceramic capacitors... The future evolution of the residuals was predicted with uncertainty bounds in a Bayesian framework. The failure threshold in terms of the parameter residuals was investigated. Then, the RUL of each MLCC with uncertainty b",2,low,"tracks parameter residuals as a degradation/health state of MLCCs under prognostic framing, but the title does not state an explicit time-to-failure output",1,14,2012,Prognostics of Multilayer Ceramic Capacitors Via the Parameter Residuals,Sun Jianzhong; Cheng Shunfeng; Pecht Michael,IEEE Transactions on Device and Materials Reliability,journal-article,Ceramic,Data-driven,S5-SOH,P1,NEED_MANUAL
10.2514/6.2011-1519,6,6,,,2,medium,NASA-style prognostic framework for electrolytic capacitors whose stated deliverable is remaining-life prediction from a degradation model,1,12,2011,Towards Prognostics of Electrolytic Capacitors,Celaya Jose; Kulkarni Chetan; Goebel Kai; Biswas Gautam,Infotech@Aerospace 2011,proceedings-article,Al-Cap,Model-based/Filtering,S6-RUL,P1,NEED_MANUAL
10.1109/med48518.2020.9182829,6,6,,,2,medium,explicit RUL forecasting output from a set-membership/zonotopic extended Kalman filter under unknown degradation behavior,1,10,2020,Zonotopic Extended Kalman Filter For RUL Forecasting With Unknown Degradation Behaviors,Al-Mohamad Ahmad; Puig Vicenc; Hoblos Ghaleb,2020 28th Mediterranean Conference on Control and Automation (MED),proceedings-article,NR,Model-based/Filtering,S6-RUL,P2,NEED_MANUAL
10.1109/tie.2018.2880725,4,4,,,0,low,"estimates the health of individual capacitors within a bank, so it both quantifies degradation and identifies which unit; a defined SOH index is not claimed in the title",4,51,2019,Health Estimation of Individual Capacitors in a Bank With Reduced Sensor Requirements,Gupta Yugal; Ahmad Md. Waseem; Narale Sagar; Anand Sandeep,IEEE Transactions on Industrial Electronics,journal-article,NR,Model-based/Filtering,S5-SOH,P1,NEED_MANUAL
10.1002/(sici)1099-1638(199601)12:1<43::aid-qre981>3.0.co;2-o,4,4,,,0,medium,"title states non-destructive detection AND localization of defects, i.e. fault identification/location, not merely a parameter",2,12,1996,NON-DESTRUCTIVE DETECTION AND LOCALIZATION OF DEFECTS IN MULTILAYER CERAMIC CHIP CAPACITORS USING ELECTROMECHANICAL RESONANCES,BECHOU L.; MEJDI S.; OUSTEN Y.; DANTO Y.,Quality and Reliability Engineering International,journal-article,Ceramic,Experimental/Physics,S3-HealthIndicators,P3,NEED_MANUAL
10.1109/apec42165.2021.9487107,4,4,,,0,low,"HMM-supported CNN assigns DC-link capacitors to discrete degradation states, i.e. classifies how degraded rather than only healthy/faulty",1,8,2021,Condition Monitoring of DC-Link Capacitors Using Hidden Markov Model Supported-Convolutional Neural Network,McGrew Tyler; Sysoeva Viktoriia; Cheng Chi-Hao; Scott Mark,2021 IEEE Applied Power Electronics Conference and Exposition (APEC),proceedings-article,NR,Data-driven,S7-DataDriven,P2,NEED_MANUAL
10.1109/63.261004,3,3,,,0,medium,"ESR is used to diagnose deterioration, i.e. the output is a degraded/healthy verdict rather than only the parameter",6,193,1993,Use of ESR for deterioration diagnosis of electrolytic capacitor,Harada K.; Katsuki A.; Fujiwara M.,IEEE Transactions on Power Electronics,journal-article,Al-Cap,Signal/Circuit,S3-HealthIndicators,P1,NEED_MANUAL
10.1109/2943.974353,3,3,,,0,medium,"the circuit signals its own worn-out state, a binary end-of-life flag rather than a quantified severity",6,145,2002,Realization of a Smart: Electrolytic Capacitor Circuit: Electrolytic Capacitor Circuits that can Signal their Own Worn-Out State Have Arrived,Venet P.; Perisse F.; El-Husseini M. H.; Rojat G.,IEEE Industry Applications Magazine,journal-article,Al-Cap,Signal/Circuit,S4-OnlineCM,P2,NEED_MANUAL
10.1109/tie.2012.2218561,3,3,,,0,high,"title states fault diagnosis achieved by online ESR estimation, so the delivered output is a fault decision built on an L2 estimate",5,180,2013,Fault Diagnosis of DC-Link Capacitors in Three-Phase AC/DC PWM Converters by Online Estimation of Equivalent Series Resistance,Pu Xing-Si; Nguyen Thanh Hai; Lee Dong-Choon; Lee Kyo-Beum et al.,IEEE Transactions on Industrial Electronics,journal-article,Al-Cap,Signal/Circuit,S4-OnlineCM,P1,NEED_MANUAL
10.1109/63.728347,3,3,,,0,low,"claims failure prediction during operation, but the defensible output from the title is online ESR monitoring against a failure threshold, not a computed time-to-failure",4,318,1998,Failure prediction of electrolytic capacitors during operation of a switchmode power supply,Lahyani A.; Venet P.; Grellet G.; Viverge P.-J.,IEEE Transactions on Power Electronics,journal-article,Al-Cap,Signal/Circuit,S6-RUL,P1,NEED_MANUAL
10.1109/tie.2007.903975,3,3,,,0,low,"online failure prediction of the LC-filter capacitor, but only a monitored-parameter threshold crossing is defensible from the title; no explicit residual-life output",4,131,2008,Online Failure Prediction of the Electrolytic Capacitor for LC Filter of Switching-Mode Power Converters,Chen Yaow-Ming; Wu Hsu-Chin; Chou Ming-Wei; Lee Kung-Yen,IEEE Transactions on Industrial Electronics,journal-article,Al-Cap,Signal/Circuit,S6-RUL,P2,NEED_MANUAL
10.1049/iet-pel.2011.0163,3,3,,,0,high,"title output is on-line fault detection of the AEC, i.e. a degraded-vs-healthy decision from ripple signatures",3,107,2012,"On-line fault detection of aluminium electrolytic capacitors, in step-down DC–DC converters, using input current and output voltage ripple",Amaral A.M.R.; Cardoso A.J.M.,IET Power Electronics,journal-article,Al-Cap,Signal/Circuit,S4-OnlineCM,P2,NEED_MANUAL
10.1109/tie.2017.2674598,3,3,,,0,medium,"monitors low-frequency impedance and defines failure criteria, so the delivered output is a threshold-based degraded/failed decision",3,73,2017,Low-Frequency Impedance Monitoring and Corresponding Failure Criteria for Aluminum Electrolytic Capacitors,Ahmad Md. Waseem; Agarwal Nikunj; Kumar P. Nandha; Anand Sandeep,IEEE Transactions on Industrial Electronics,journal-article,Al-Cap,Experimental/Physics,S3-HealthIndicators,P2,NEED_MANUAL
10.1109/ccece.2015.7129353,3,3,,,0,low,"ANFIS classifier flags aged vs healthy DC-filter capacitors (detection), with no explicit degradation quantity claimed in the title",3,31,2015,Capacitor aging detection for the DC filters in the power electronic converters using ANFIS algorithm,Kamel Tamer; Biletskiy Yevgen; Chang Liuchen,2015 IEEE 28th Canadian Conference on Electrical and Computer Engineering (CCECE),proceedings-article,NR,Data-driven,S7-DataDriven,P2,NEED_MANUAL
10.1109/isie.2004.1572002,3,3,,,0,low,"uses ESR against a failure criterion to flag end-of-life of the output filter capacitor; no time-to-failure is output, so L3 not L6",3,29,2004,Use of ESR to predict failure of output filtering capacitors in boost converters,Amaral A.M.R.; Cardoso A.J.M.,2004 IEEE International Symposium on Industrial Electronics,proceedings-article,NR,Signal/Circuit,S4-OnlineCM,P3,NEED_MANUAL
10.1109/pesc.2008.4592252,3,3,,,0,low,"delivers a non-invasive fault diagnosis decision for the SMPS; capacitor focus inferred from co-citation, not stated in the title",3,11,2008,A non-invasive technique for fault diagnosis of SMPS,Amaral Acacio M. R.; Marques Cardoso A. J.,2008 IEEE Power Electronics Specialists Conference,proceedings-article,NR,Signal/Circuit,S4-OnlineCM,P3,NEED_MANUAL
10.1109/tpel.2021.3135873,3,3,,,0,medium,machine-learning classification of conducted EMI signatures decides degraded vs healthy; title does not claim a quantified severity or SOH,2,38,2022,Condition Monitoring of DC-Link Capacitors Using Time–Frequency Analysis and Machine Learning Classification of Conducted EMI,McGrew Tyler; Sysoeva Viktoriia; Cheng Chi-Hao; Miller Chad et al.,IEEE Transactions on Power Electronics,journal-article,NR,Data-driven,S7-DataDriven,P1,NEED_MANUAL
10.1016/j.microrel.2016.07.110,3,3,,,0,medium,"X-ray imaging detects presence of cracks in MLCCs (defect present/absent), no severity metric quantified",2,32,2016,Detection of cracks in multilayer ceramic capacitors by X-ray imaging,Andersson C.; Ingman J.; Varescon E.; Kiviniemi M.,Microelectronics Reliability,journal-article,Ceramic,Experimental/Physics,S4-OnlineCM,P3,NEED_MANUAL
10.1109/apec.2005.1453106,3,3,,,0,low,"'failure prediction' by DSP almost certainly means ESR tracking against a wear-out threshold, not a predicted time-to-failure",2,20,,Failure prediction of electrolytic capacitor using DSP methods,Imam A.M.; Habetler T.G.; Harley R.G.; Divan D.,"Twentieth Annual IEEE Applied Power Electronics Conference and Exposition, 2005. APEC 2005",proceedings-article,Al-Cap,Signal/Circuit,S4-OnlineCM,P2,NEED_MANUAL
10.1109/tia.2018.2873989,3,3,,,0,medium,"acoustic method detects presence of cracks/delamination in MLCCs; a defect flag, not a quantified severity",2,20,2019,Acoustic Detection of Cracks and Delamination in Multilayer Ceramic Capacitors,Levikari Saku; Karkkainen Tommi J.; Andersson Caroline; Tammminen Juha et al.,IEEE Transactions on Industry Applications,journal-article,Ceramic,Experimental/Physics,S4-OnlineCM,P2,OA_PENDING
10.1109/tpel.2017.2691048,3,3,,,0,low,"online evaluation of electrolytic capacitor degradation for SMPS failure prediction, defensible output is a degraded/healthy decision rather than a life estimate",1,44,2018,Online Evaluation Method of Electrolytic Capacitor Degradation for Digitally Controlled SMPS Failure Prediction,Nakao Hiroshi; Yonezawa Yu; Sugawara Takahiko; Nakashima Yoshiyasu et al.,IEEE Transactions on Power Electronics,journal-article,Al-Cap,Signal/Circuit,S4-OnlineCM,P2,NEED_MANUAL
10.1109/aero.2007.352885,6,3,DOWNGRADED,"Judkins, Hofmeister & Vohnout (Ridgetop Group), IEEE Aerospace 2007. Two problems with the L6 claim. (a) Scope: the paper is described as a non-invasive method for DETECTION OF FAILURE PRECURSORS in the SMPS opto-isolator (inferring current-transfer-ratio loss from the closed-loop transfer characteristic), not primarily output-filter-capacitor RUL as the claim's reason asserts. (b) Output: the com",2,low,hardware prognostic sensor for SMPS advertising advance failure warning from output-filter capacitor degradation; exact output granularity not visible in title,1,16,2007,A Prognostic Sensor for Voltage Regulated Switch-Mode Power Supplies,Judkins Justin B.; Hofmeister James; Vohnout Sonia,2007 IEEE Aerospace Conference,proceedings-article,Al-Cap,Signal/Circuit,S6-RUL,P2,NEED_MANUAL
10.1109/ojpel.2022.3196134,3,3,,,0,medium,"output is an end-of-life flag for the converter derived from an application-level health precursor, i.e. a detection decision not a severity or life estimate",1,9,2022,End-of-Life Detection of Power Electronic Converters by Exploiting an Application-Level Health Precursor,Kjaer Martin Vang; Wang Huai; Blaabjerg Frede,IEEE Open Journal of Power Electronics,journal-article,NR,Signal/Circuit,S4-OnlineCM,P2,HELD
10.1109/pedstc.2016.7556887,3,3,,,0,low,"noninvasive online technique flags impending capacitor failure, in practice via a monitored-parameter threshold rather than a predicted time-to-failure",1,6,2016,A noninvasive on-line failure prediction technique for aluminum electrolytic capacitors in photovoltaic grid-connected inverters,Sepehr Amir; Saradarzadeh Mehdi; Farhangi Shahrokh,2016 7th Power Electronics and Drive Systems Technologies Conference (PEDSTC),proceedings-article,Al-Cap,Signal/Circuit,S4-OnlineCM,P3,NEED_MANUAL
10.1109/tia.2012.2222333,2,2,,,0,medium,"condition monitoring of DC-link capacitors in a drive, with no diagnosis or severity output evidenced by the title, so only parameter estimation is defensible",6,91,2012,Condition Monitoring of DC-Link Capacitors in Aerospace Drives,Wechsler Andrew; Mecrow Barrie C.; Atkinson David J.; Bennett John W. et al.,IEEE Transactions on Industry Applications,journal-article,Al-Cap,Signal/Circuit,S4-OnlineCM,P2,NEED_MANUAL
10.1109/tpel.2010.2059713,5,2,DOWNGRADED,"Refuted. Abstract (Vogelsberger, Wiesinger, Ertl, TPEL 26(2):493-503): the unit 'performs online identification of the capacitor's equivalent series resistance (ESR) in order to detect the life-cycle status and permit preventive maintenance, based on the capacitor's ac losses calculated from voltage/current measurements using a simple low-cost microcontroller.' The delivered output is an ESR value",2,low,"a life-cycle monitoring unit tracks accumulated life consumption (a health state); a predicted time-to-failure is not established by the title, so RUL is not called",5,228,2011,Life-Cycle Monitoring and Voltage-Managing Unit for DC-Link Electrolytic Capacitors in PWM Converters,Vogelsberger Markus A.; Wiesinger Thomas; Ertl Hans,IEEE Transactions on Power Electronics,journal-article,Al-Cap,Physics-informed/PoF,S5-SOH,P1,NEED_MANUAL
10.1109/tie.2009.2022077,2,2,,,0,high,an offline technique that evaluates capacitor condition through its electrical parameters; no in-operation decision output,5,145,2009,A Simple Offline Technique for Evaluating the Condition of Aluminum–Electrolytic–Capacitors,Amaral A.M.R.; Cardoso A.J.M.,IEEE Transactions on Industrial Electronics,journal-article,Al-Cap,Signal/Circuit,S3-HealthIndicators,P2,NEED_MANUAL
10.1109/tpel.2017.2736162,2,2,,,0,medium,quasi-online health monitoring of the inverter capacitor; the deliverable defensible from the title is the estimated capacitor parameter,5,108,2018,Quasi-Online Technique for Health Monitoring of Capacitor in Single-Phase Solar Inverter,Agarwal Nikunj; Ahmad Md Waseem; Anand Sandeep,IEEE Transactions on Power Electronics,journal-article,Al-Cap,Signal/Circuit,S4-OnlineCM,P2,NEED_MANUAL
10.1109/pesc.2005.1582040,2,2,,,0,medium,"estimates capacitor condition in real time, i.e. an ESR/C value, with no explicit diagnosis or prognosis stage",5,82,,A Real Time Method to Estimate Electrolytic Capacitor Condition in PWM Adjustable Speed Drives and Uninterruptible Power Supplies,Aeloiza E.; Jang-Hwan Kim; Enjeti P.; Ruminot P.,"IEEE 36th Conference on Power Electronics Specialists, 2005.",proceedings-article,Al-Cap,Signal/Circuit,S4-OnlineCM,P2,NEED_MANUAL
10.1109/tim.2008.925013,2,2,,,0,high,"estimates the equivalent circuit (ESR, C) of the capacitor offline; parameter estimation only",5,43,2008,An Economic Offline Technique for Estimating the Equivalent Circuit of Aluminum Electrolytic Capacitors,Amaral A.M.R.; Cardoso A.,IEEE Transactions on Instrumentation and Measurement,journal-article,Al-Cap,Signal/Circuit,S3-HealthIndicators,P2,NEED_MANUAL
10.1109/tpel.2014.2339374,2,2,,,0,medium,deterioration monitoring by deliberate current injection yields the capacitor parameter; the title does not establish a degraded/healthy decision stage,4,111,2015,Deterioration Monitoring of DC-Link Capacitors in AC Machine Drives by Current Injection,Nguyen Thanh Hai; Lee Dong-Choon,IEEE Transactions on Power Electronics,journal-article,Al-Cap,Signal/Circuit,S4-OnlineCM,P2,NEED_MANUAL
10.1109/tim.2009.2032960,2,2,,,0,medium,"online noninvasive technique whose output is the capacitor's estimated ESR/impedance, not a health state or life",4,105,2010,An Online and Noninvasive Technique for the Condition Monitoring of Capacitors in Boost Converters,Buiatti G M; Martín-Ramos J A; García C H R; Amaral A M R et al.,IEEE Transactions on Instrumentation and Measurement,journal-article,Al-Cap,Signal/Circuit,S4-OnlineCM,P1,NEED_MANUAL
10.1109/tpel.2014.2383436,2,2,,,0,high,"explicitly identifies ESR and C of the output capacitor, stopping at parameter estimation",4,105,2015,A Current-Sensorless Online ESR and C Identification Method for Output Capacitor of Buck Converter,Yao Kai; Tang Weijie; Hu Wenbin; Lyu Jianguo,IEEE Transactions on Power Electronics,journal-article,Al-Cap,Signal/Circuit,S4-OnlineCM,P1,NEED_MANUAL
10.1109/tia.2008.2002181,2,2,,,0,high,estimates DC-link capacitance via injected voltage signal; no degradation decision output,4,104,2008,DC-Link Capacitance Estimation in AC/DC/AC PWM Converters Using Voltage Injection,Abo-Khalil A.G.; Dong-Choon Lee,IEEE Transactions on Industry Applications,journal-article,Al-Cap,Signal/Circuit,S4-OnlineCM,P1,NEED_MANUAL
10.1109/tie.2018.2835393,2,2,,,0,low,"a condition-monitoring method whose deliverable is almost certainly an estimated capacitance/ESR, but the VEN acronym hides the actual output",4,103,2019,A VEN Condition Monitoring Method of DC-Link Capacitors for Power Converters,Wu Yu; Du Xiong,IEEE Transactions on Industrial Electronics,journal-article,NR,Signal/Circuit,S4-OnlineCM,P2,NEED_MANUAL
10.1109/tia.2018.2845889,2,2,,,0,low,"an implemented monitoring system for industrial converters; parameter estimation is defensible, any alarm/threshold stage is not visible in the title",4,100,2018,Online Condition Monitoring System for DC-Link Capacitor in Industrial Power Converters,Sundararajan Prasanth; Sathik Mohamed Halick Mohamed; Sasongko Firman; Tan Chuan Seng et al.,IEEE Transactions on Industry Applications,journal-article,NR,Signal/Circuit,S9-Deployability,P2,OA_PENDING
10.1109/tpel.2019.2951859,2,2,,,0,high,"Goertzel-based extraction of the failure-precursor parameter plus capacitor temperature, i.e. parameter estimation",4,97,2020,Condition Monitoring of DC-Link Capacitors Using Goertzel Algorithm for Failure Precursor Parameter and Temperature Estimation,Sundararajan Prasanth; Sathik Mohamed Halick Mohamed; Sasongko Firman; Tan Chuan Seng et al.,IEEE Transactions on Power Electronics,journal-article,NR,Signal/Circuit,S4-OnlineCM,P1,NEED_MANUAL
10.1109/tpel.2018.2890617,2,2,,,0,high,title states the output is an online ESR estimate for the boost output capacitor,4,85,2019,An Online ESR Estimation Method for Output Capacitor of Boost Converter,Ren Lei; Gong Chunying; Zhao Yao,IEEE Transactions on Power Electronics,journal-article,Al-Cap,Signal/Circuit,S4-OnlineCM,P2,NEED_MANUAL
10.1049/ip-epa:20050027,2,2,,,0,high,RLS identification whose output is the DC-link capacitance value,4,80,2005,Online capacitance estimation of DC-link electrolytic capacitors for three-phase AC/DC/AC PWM converters using recursive least squares method,Lee D.-C.; Lee K.-J.; Seok J.-K.; Choi J.-W.,IEE Proceedings - Electric Power Applications,journal-article,Al-Cap,Model-based/Filtering,S4-OnlineCM,P1,NEED_MANUAL
10.1109/tpel.2018.2857832,2,2,,,0,medium,reference-submodule comparison yields per-submodule capacitance values; per-SM localisation is plausible but not stated as the output,4,80,2019,Reference Submodule Based Capacitor Monitoring Strategy for Modular Multilevel Converters,Deng Fujin; Wang Qingsong; Liu Dong; Wang Yanbo et al.,IEEE Transactions on Power Electronics,journal-article,NR,Signal/Circuit,S4-OnlineCM,P1,NEED_MANUAL
10.1109/apex.2007.357646,2,2,,,0,medium,"real-time condition monitoring of electrolytic capacitors, delivering estimated ESR/capacitance",4,78,2007,Real-Time Condition Monitoring of the Electrolytic Capacitors for Power Electronics Applications,Imam Afroz M.; Divan Deepak M.; Harley Ronald G.; Habetler Thomas G.,APEC 07 - Twenty-Second Annual IEEE Applied Power Electronics Conference and Exposition,proceedings-article,Al-Cap,Signal/Circuit,S4-OnlineCM,P2,NEED_MANUAL
10.1109/ecce.2014.6953683,2,2,,,0,medium,"submodule capacitor monitoring in an MMC, output is estimated submodule capacitance",4,70,2014,Condition monitoring of submodule capacitors in modular multilevel converters,Jo Yun-Jae; Nguyen Thanh Hai; Lee Dong-Choon,2014 IEEE Energy Conversion Congress and Exposition (ECCE),proceedings-article,NR,Signal/Circuit,S4-OnlineCM,P2,NEED_MANUAL
10.1109/tpel.2017.2762341,2,2,,,0,high,explicitly a DC-link capacitance estimation technique,4,66,2018,Noninvasive Technique for DC-Link Capacitance Estimation in Single-Phase Inverters,Ahmad Md. Waseem; Kumar P. Nandha; Arya Abhinav; Anand Sandeep,IEEE Transactions on Power Electronics,journal-article,NR,Signal/Circuit,S4-OnlineCM,P2,NEED_MANUAL
10.1109/tpel.2019.2917937,2,2,,,0,medium,"MMC submodule capacitor condition monitoring, i.e. capacitance/ESR estimation per submodule",4,59,2019,Condition Monitoring for Submodule Capacitors in Modular Multilevel Converters,Wang Hanyu; Wang Huai; Wang Zhongxu; Zhang Yi et al.,IEEE Transactions on Power Electronics,journal-article,NR,Signal/Circuit,S4-OnlineCM,P2,NEED_MANUAL
10.1109/tpel.2019.2956808,2,2,,,0,medium,"uses the DC-side start-up transient to estimate submodule capacitance; output is a parameter, not a health state",4,59,2020,Capacitor Condition Monitoring Based on the DC-Side Start-Up of Modular Multilevel Converters,Wang Zhongxu; Zhang Yi; Wang Huai; Blaabjerg Frede,IEEE Transactions on Power Electronics,journal-article,NR,Signal/Circuit,S4-OnlineCM,P2,OA_PENDING
10.1109/tim.2009.2019719,2,2,,,0,medium,"in-service monitoring of film capacitors, whose degradation metric is the measured capacitance loss",4,55,2009,Condition Monitoring of Metallized Polypropylene Film Capacitors in Railway Power Trains,Buiatti Gustavo Malagoni; MartÍn-Ramos Juan A.; Amaral AcÁcio M. R.; Dworakowski Piotr et al.,IEEE Transactions on Instrumentation and Measurement,journal-article,Film,Signal/Circuit,S4-OnlineCM,P1,NEED_MANUAL
10.1109/tim.2017.2749838,2,2,,,0,high,title names ESR and C of the output capacitor as the estimated quantities,4,46,2017,Noninvasive Online Condition Monitoring of Output Capacitor’s ESR and C for a Flyback Converter,Yao Kai; Cao Cheng; Yang Siwen,IEEE Transactions on Instrumentation and Measurement,journal-article,Al-Cap,Signal/Circuit,S4-OnlineCM,P2,NEED_MANUAL
10.1109/isie.2007.4374704,2,2,,,0,high,"Newton-Raphson fitting of the capacitor equivalent circuit, output is the estimated parameter set",4,35,2007,Using Newton-Raphson Method to Estimate the Condition of Aluminum Electrolytic Capacitors,Amaral Acacio M. R.; Cardoso A. J. Marques,2007 IEEE International Symposium on Industrial Electronics,proceedings-article,Al-Cap,Model-based/Filtering,S3-HealthIndicators,P3,NEED_MANUAL
10.1109/jsen.2019.2945943,2,2,,,0,medium,magnetoresistive current sensing feeding capacitor parameter (ESR/C) monitoring; no health-state or life output stated,4,34,2020,Online Monitoring of Aluminum Electrolytic Capacitors in Photovoltaic Systems by Magnetoresistive Sensors,Miao Wenchao; Lam K. H.; Pong Philip W. T.,IEEE Sensors Journal,journal-article,Al-Cap,Signal/Circuit,S4-OnlineCM,P2,NEED_MANUAL
10.1109/jsen.2019.2929537,2,2,,,0,medium,"monitors capacitor condition by sensing ripple current with magnetic sensors, whose output is an ESR/impedance parameter rather than a health state",4,33,2019,Condition Monitoring of Electrolytic Capacitors in Boost Converters by Magnetic Sensors,Miao Wenchao; Liu Xuyang; Lam K.H.; Pong Philip W. T.,IEEE Sensors Journal,journal-article,Al-Cap,Signal/Circuit,S4-OnlineCM,P1,NEED_MANUAL
10.1109/iecon.2008.4758011,2,2,,,0,high,"obtains the equivalent circuit (ESR, C) of the capacitor, i.e. parameter estimation with no degraded/healthy decision",4,29,2008,An automatic technique to obtain the equivalent circuit of aluminum electrolytic capacitors,Amaral A.M.R.; Cardoso A.J.M.,2008 34th Annual Conference of IEEE Industrial Electronics,proceedings-article,Al-Cap,Experimental/Physics,S3-HealthIndicators,P2,NEED_MANUAL
10.1049/iet-pel.2016.0603,2,2,,,0,high,abstract confirms an online scheme that estimates capacitor impedance from dc-link voltage oscillations,4,22,2017,Capacitor impedance estimation utilizing dc‐link voltage oscillations in single phase inverter,Arya Abhinav; Ahmad Md. Waseem; Agarwal Nikunj; Anand Sandeep,IET Power Electronics,journal-article,Al-Cap,Signal/Circuit,S4-OnlineCM,P2,NEED_MANUAL
10.1049/iet-pel.2018.5394,2,2,,,0,high,"abstract states the output is online ESR and tan-delta of the AEC, a parameter estimate only",4,15,2019,"Online estimation scheme of output capacitor's ESR and tan
                    δ
                    for Buck converter",Ren Lei; Gong Chunying,IET Power Electronics,journal-article,Al-Cap,Signal/Circuit,S4-OnlineCM,P2,NEED_MANUAL
10.1109/demped.2009.5292791,2,2,,,0,medium,estimates output-filter capacitor condition (ESR) from input-current and output-voltage ripple; no explicit fault decision claimed in the title,4,11,2009,Using input current and output voltage ripple to estimate the output filter condition of switch mode DC/DC converters,Amaral A. M. R.; Cardoso A. J. M.,"2009 IEEE International Symposium on Diagnostics for Electric Machines, Power Electronics ",proceedings-article,Al-Cap,Signal/Circuit,S4-OnlineCM,P2,NEED_MANUAL
10.1109/tpel.2015.2496267,2,2,,,0,high,explicitly outputs ESR and C of the dc-link capacitor in a boost PFC stage,3,77,2016,An Online Monitoring Scheme of DC-Link Capacitor's ESR and C for a Boost PFC Converter,Yao Kai; Tang Weijie; Bi Xiaopeng; Lyu Jianguo,IEEE Transactions on Power Electronics,journal-article,Al-Cap,Signal/Circuit,S4-OnlineCM,P2,NEED_MANUAL
10.1109/jestpe.2020.2964068,2,2,,,0,high,"monitors output-capacitor parameters (C, ESR) from large-signal load-transient trajectory analysis",3,73,2021,An Online Parameters Monitoring Method for Output Capacitor of Buck Converter Based on Large-Signal Load Transient Trajectory Analysis,Zhao Zhaoyang; Lu Weiguo; Davari Pooya; Du Xiong et al.,IEEE Journal of Emerging and Selected Topics in Power Electronics,journal-article,NR,Signal/Circuit,S4-OnlineCM,P2,OA_PENDING
10.1109/tie.2016.2582470,2,2,,,0,medium,"online monitoring of an AEC in a PV dc system; title does not state a decision output, so defensible level is parameter (ESR/C) estimation",3,72,2016,Online Monitoring Technique for Aluminum Electrolytic Capacitor in Solar PV-Based DC System,Ahmad Md Waseem; Agarwal Nikunj; Anand Sandeep,IEEE Transactions on Industrial Electronics,journal-article,Al-Cap,Signal/Circuit,S4-OnlineCM,P2,NEED_MANUAL
10.1109/tpel.2019.2904551,2,2,,,0,high,outputs a high-accuracy capacitance estimate of the dc-link capacitor via LC resonance excitation,3,69,2019,"High-Accuracy Capacitance Monitoring of DC-Link Capacitor in VSI Systems by
                    LC
                    Resonance",Li Hao; Xiang Dawei; Han Xu; Zhong Xiang et al.,IEEE Transactions on Power Electronics,journal-article,NR,Signal/Circuit,S4-OnlineCM,P2,NEED_MANUAL
10.1109/powereng.2015.7266382,2,2,,,0,medium,ANN maps measured dc-link quantities to the capacitor parameter (capacitance); title gives no explicit fault decision or health state,3,65,2015,Condition monitoring for DC-link capacitors based on artificial neural network algorithm,Soliman Hammam; Wang Huai; Gadalla Brwene; Blaabjerg Frede,"2015 IEEE 5th International Conference on Power Engineering, Energy and Electrical Drives ",proceedings-article,NR,Data-driven,S7-DataDriven,P2,NEED_MANUAL
10.1109/tim.2009.2038018,2,2,,,0,medium,offline experimental characterisation yielding capacitor impedance/equivalent parameters across frequency and temperature,3,60,2010,Simple Experimental Techniques to Characterize Capacitors in a Wide Range of Frequencies and Temperatures,Amaral Acácio M. R.; Marques Cardoso A. J.,IEEE Transactions on Instrumentation and Measurement,journal-article,mixed,Experimental/Physics,S3-HealthIndicators,P2,NEED_MANUAL
10.1109/tpel.2019.2939185,2,2,,,0,high,delivers ESR and C estimates for MMC submodule capacitors; no severity or SOH output stated,3,59,2020,Capacitor ESR and C Monitoring in Modular Multilevel Converters,Deng Fujin; Heng Qian; Liu Chengkai; Cai Xu et al.,IEEE Transactions on Power Electronics,journal-article,NR,Signal/Circuit,S4-OnlineCM,P2,OA_PENDING
10.1109/tpel.2018.2868564,2,2,,,0,high,noninvasive online estimation of output-capacitor C and ESR in a DCM flyback,3,53,2019,A Noninvasive Online Monitoring Method of Output Capacitor's C and ESR for DCM Flyback Converter,Yao Kai; Li Hui; Li Lei; Guan Chanbo et al.,IEEE Transactions on Power Electronics,journal-article,NR,Signal/Circuit,S4-OnlineCM,P2,NEED_MANUAL
10.1109/ifeec.2017.7992442,2,2,,,0,high,ANN regression whose output is the estimated dc-link capacitance value,3,51,2017,Artificial Neural Network based DC-link capacitance estimation in a diode-bridge front-end inverter system,Soliman Hammam; Abdelsalam Ibrahim; Wang Huai; Blaabjerg Frede,2017 IEEE 3rd International Future Energy Electronics Conference and ECCE Asia (IFEEC 2017,proceedings-article,NR,Data-driven,S7-DataDriven,P2,NEED_MANUAL
10.1109/imtc.2006.328273,2,2,,,0,high,"title states it estimates ESR and reactance values of the capacitor, i.e. parameter estimation only",3,47,2006,An Experimental Technique for Estimating the ESR and Reactance Intrinsic Values of Aluminum Electrolytic Capacitors,Amaral Acacio M. R.; Cardoso A. J. Marques,2006 IEEE Instrumentation and Measurement Technology Conference Proceedings,proceedings-article,Al-Cap,Experimental/Physics,S3-HealthIndicators,P2,NEED_MANUAL
10.1109/tpel.2019.2961712,2,2,,,0,medium,"reference-submodule comparison yields submodule capacitance values, not a health state or fault decision",3,45,2020,A Reference Submodule Based Capacitor Condition Monitoring Method for Modular Multilevel Converters,Wang Zhongxu; Zhang Yi; Wang Huai; Blaabjerg Frede,IEEE Transactions on Power Electronics,journal-article,NR,Signal/Circuit,S4-OnlineCM,P2,OA_PENDING
10.1109/tpel.2022.3219291,2,2,,,0,medium,"charging-transient voltage analysis returns submodule capacitance, a parameter estimate",3,28,2023,Capacitor Condition Monitoring for Modular Multilevel Converter Based on Charging Transient Voltage Analysis,Xia Hongjian; Zhang Yi; Chen Minyou; Lai Wei et al.,IEEE Transactions on Power Electronics,journal-article,NR,Signal/Circuit,S4-OnlineCM,P2,OA_PENDING
10.1109/isie.2010.5637333,2,2,,,0,medium,offline transformer/DC-supply excitation used to estimate the capacitor's ESR/capacitance condition parameters,3,27,2010,Estimating aluminum electrolytic capacitors condition using a low frequency transformer together with a DC power supply,Amaral Acacio M. R.; Marques Cardoso A. J.,2010 IEEE International Symposium on Industrial Electronics,proceedings-article,Al-Cap,Experimental/Physics,S3-HealthIndicators,P3,NEED_MANUAL
10.1109/vppc.2012.6422642,2,2,,,0,low,"generic DC-link capacitor condition monitoring in an EV drive, defensible only as ESR/C estimation from the title",3,19,2012,Condition monitoring of DC-link capacitors in drive system for electric vehicles,Kim Myoungho; Sul Seung-Ki; Junggi Lee,2012 IEEE Vehicle Power and Propulsion Conference,proceedings-article,NR,Signal/Circuit,S4-OnlineCM,P3,NEED_MANUAL
10.1109/peds.2007.4487736,2,2,,,0,high,"DFT is used to extract the equivalent-circuit parameters (ESR, C) of the capacitor",3,14,2007,Using DFT to Obtain the Equivalent Circuit of Aluminum Electrolytic Capacitors,Amaral Acacio M. R.; Buatti Gustavo M.; Ribeiro Hugo; Cardoso A.J. Marques,2007 7th International Conference on Power Electronics and Drive Systems,proceedings-article,Al-Cap,Signal/Circuit,S3-HealthIndicators,P3,NEED_MANUAL
10.1109/icit.2005.1600615,2,2,,,0,high,"experimental high-frequency estimation of the capacitor equivalent circuit, i.e. parameter estimation only",3,12,,"An Experimental Technique for Estimating the Aluminum Electrolytic Capacitor Equivalent Circuit, at High Frequencies",Amaral A.M.R.; Marques Cardoso A.J.,2005 IEEE International Conference on Industrial Technology,proceedings-article,Al-Cap,Experimental/Physics,S3-HealthIndicators,P3,NEED_MANUAL
10.1109/tpel.2022.3176468,2,2,,,0,high,"physics-informed ML outputs converter component parameter estimates (including capacitance/ESR), not a health state",2,152,2022,Parameter Estimation of Power Electronic Converters With Physics-Informed Machine Learning,Zhao Shuai; Peng Yingzhou; Zhang Yi; Wang Huai,IEEE Transactions on Power Electronics,journal-article,NR,Physics-informed/PoF,S8-PhysicsInformed,P1,OA_PENDING
10.1109/tpel.2016.2606417,2,2,,,0,high,"self-tuned Kalman filter delivers real-time estimates of DC-DC converter parameters (L, C, ESR)",2,123,2017,Real-Time Parameter Estimation of DC–DC Converters Using a Self-Tuned Kalman Filter,Ahmeid Mohamed; Armstrong Matthew; Gadoue Shady; Al-Greer Maher et al.,IEEE Transactions on Power Electronics,journal-article,NR,Model-based/Filtering,S4-OnlineCM,P2,OA_PENDING
10.1109/tia.2008.2002220,2,2,,,0,medium,DC-link electrolytic capacitor condition monitoring in ASDs delivering ESR/capacitance estimates,2,120,2008,Condition Monitoring of DC-Link Electrolytic Capacitors in Adjustable-Speed Drives,Kwang-Woon Lee; Myungchul Kim; Jangho Yoon; Sang Bin Lee et al.,IEEE Transactions on Industry Applications,journal-article,Al-Cap,Signal/Circuit,S4-OnlineCM,P2,NEED_MANUAL
10.1109/tpel.2016.2552039,2,2,,,0,medium,"capacitor-facing output is an ESR estimate from Rogowski-coil current sensing; the diagnosis part concerns the switch, not the capacitor",2,107,2017,Application of an Efficient Rogowski Coil Sensor for Switch Fault Diagnosis and Capacitor ESR Monitoring in Nonisolated Single-Switch DC–DC Converters,Farjah Ebrahim; Givi Hadi; Ghanbari Teymoor,IEEE Transactions on Power Electronics,journal-article,NR,Signal/Circuit,S4-OnlineCM,P2,NEED_MANUAL
10.1109/tpel.2015.2472459,2,2,,,0,medium,"metaheuristic identification of converter parameters (C, ESR) at low sampling rate; predictive maintenance is motivation only, not an output",2,99,2016,Low Sampling Rate Online Parameters Monitoring of DC–DC Converters for Predictive-Maintenance Using Biogeography-Based Optimization,Li B. X.; Low K. S.,IEEE Transactions on Power Electronics,journal-article,NR,Model-based/Filtering,S4-OnlineCM,P2,NEED_MANUAL
10.1109/tie.2017.2652372,2,2,,,0,medium,"monitors DC-link capacitor (and IGBT) parameters from short-circuit current, i.e. parameter estimation",2,92,2017,Online Condition Monitoring for Both IGBT Module and DC-Link Capacitor of Power Converter Based on Short-Circuit Current Simultaneously,Sun Pengju; Gong Can; Du Xiong; Luo Quanming et al.,IEEE Transactions on Industrial Electronics,journal-article,NR,Signal/Circuit,S4-OnlineCM,P2,NEED_MANUAL
10.1109/tie.2019.2912771,2,2,,,0,medium,"output is submodule capacitance inferred from intrinsic capacitor voltage fluctuations; 'failure prediction' is framing, not a time-to-failure output",2,84,2020,Failure Prediction of Submodule Capacitors in Modular Multilevel Converter by Monitoring the Intrinsic Capacitor Voltage Fluctuations,Ronanki Deepak; Williamson Sheldon S.,IEEE Transactions on Industrial Electronics,journal-article,NR,Signal/Circuit,S4-OnlineCM,P2,NEED_MANUAL
10.1109/tia.2018.2836923,2,2,,,0,high,explicitly estimates aluminium electrolytic capacitor parameters online via modified Prony's method,2,59,2018,Online Estimation of Aluminum Electrolytic-Capacitor Parameters Using a Modified Prony's Method,Laadjal Khaled; Sahraoui Mohamed; Cardoso Antonio J. Marques; Amaral Acacio Manuel Raposo,IEEE Transactions on Industry Applications,journal-article,Al-Cap,Model-based/Filtering,S4-OnlineCM,P2,NEED_MANUAL
10.1109/tie.2020.3014572,2,2,,,0,high,monitors/estimates submodule capacitance under phase-shifted carrier PWM,2,55,2021,Submodule Capacitance Monitoring Strategy for Phase-Shifted Carrier Pulsewidth-Modulation-Based Modular Multilevel Converters,Liu Chengkai; Deng Fujin; Yu Qiang; Wang Yanbo et al.,IEEE Transactions on Industrial Electronics,journal-article,NR,Signal/Circuit,S4-OnlineCM,P2,OA_PENDING
10.1109/tpel.2021.3091780,2,2,,,0,low,'health monitoring' of MMC DC-link capacitors defensibly delivers a capacitance/ESR estimate; no defined health state visible in title,2,54,2021,Online Health Monitoring of DC-Link Capacitors in Modular Multilevel Converters for FACTS and HVDC Applications,Asoodar Mohsen; Nahalparvari Mehrdad; Danielsson Christer; Söderström Rasmus et al.,IEEE Transactions on Power Electronics,journal-article,NR,Signal/Circuit,S4-OnlineCM,P2,OA_PENDING
10.1109/tpel.2019.2957027,2,2,,,0,high,online ESR estimation of the boost PFC DC-link capacitor via wavelet time-frequency analysis,2,53,2020,Online Estimation of ESR for DC-Link Capacitor of Boost PFC Converter Using Wavelet Transform Based Time–Frequency Analysis Method,Lu Weiguo; Lu Xuemei; Han Jinxin; Zhao Zhaoyang et al.,IEEE Transactions on Power Electronics,journal-article,NR,Signal/Circuit,S4-OnlineCM,P2,NEED_MANUAL
10.1109/ecce.2017.8096961,2,2,,,0,high,ANN maps DC-link voltage harmonics to a capacitance estimate,2,51,2017,Capacitance estimation algorithm based on DC-link voltage harmonics using artificial neural network in three-phase motor drive systems,Soliman Hammam; Davari Pooya; Wang Huai; Blaabjerg Frede,2017 IEEE Energy Conversion Congress and Exposition (ECCE),proceedings-article,NR,Data-driven,S7-DataDriven,P2,NEED_MANUAL
10.1109/tie.2021.3055164,2,2,,,0,high,ESR estimation for aluminium electrolytic capacitors using compressed sensing plus wavelet transform,2,49,2022,ESR Estimation for Aluminum Electrolytic Capacitor of Power Electronic Converter Based on Compressed Sensing and Wavelet Transform,Li Chuanfeng; Yu Yang; Yang Zhiming; Liu Qingxin et al.,IEEE Transactions on Industrial Electronics,journal-article,Al-Cap,Signal/Circuit,S4-OnlineCM,P2,NEED_MANUAL
10.1109/tpel.2010.2062200,2,2,,,0,low,drive-system condition monitoring strategy that plausibly estimates DC-link capacitor parameters among other quantities; title does not name the output,2,49,2011,A New Strategy for Condition Monitoring of Adjustable Speed Induction Machine Drive Systems,Lee Sang Bin; Yang Jinkyu; Hong Jongman; Yoo Ji-Yoon et al.,IEEE Transactions on Power Electronics,journal-article,NR,Signal/Circuit,S4-OnlineCM,P3,NEED_MANUAL
10.1109/tpel.2019.2959074,2,2,,,0,high,online capacitance estimation of MMC submodule capacitors under nearest level modulation,2,49,2020,Online Capacitance Estimation of Submodule Capacitors for Modular Multilevel Converter With Nearest Level Modulation,Wang Kun; Jin Lin; Li Guangdi; Deng Yan et al.,IEEE Transactions on Power Electronics,journal-article,NR,Signal/Circuit,S4-OnlineCM,P2,NEED_MANUAL
10.1109/pesc.2005.1581687,2,2,,,0,medium,adaptive-filter (LMS-type) modelling identifies the capacitor's ESR/impedance parameters,2,43,,Condition Monitoring of Electrolytic Capacitor in Power Electronic Circuits using Adaptive Filter Modeling,Imam A.M.; Habetler T.G.; Harley R.G.; Divan D.M.,"IEEE 36th Conference on Power Electronics Specialists, 2005.",proceedings-article,Al-Cap,Model-based/Filtering,S4-OnlineCM,P2,NEED_MANUAL
10.1049/cp.2016.0369,2,2,,,0,high,scheme outputs submodule capacitance in an MMC,2,39,2016,A New Scheme for Monitoring Submodule Capacitance in Modular Multilevel Converter,Abushafa O.; Atkinson D.; Gadoue S.; Dahidah M.,"8th IET International Conference on Power Electronics, Machines and Drives (PEMD 2016)",proceedings-article,NR,Signal/Circuit,S4-OnlineCM,P3,NEED_MANUAL
10.1109/tpel.2021.3121813,2,2,,,0,low,"aging condition monitoring of an aluminium electrolytic DC-link capacitor in VSDs, defensibly a capacitance/ESR estimate",2,38,2022,Aging Condition Monitoring for Aluminum Electrolytic Capacitor in Variable Speed Drives,Wang Bo; Meng Jinlei; Zhao Pinzhi,IEEE Transactions on Power Electronics,journal-article,Al-Cap,Signal/Circuit,S4-OnlineCM,P2,NEED_MANUAL
10.1109/ipemc.2016.7512885,2,2,,,0,high,"title output is an estimated dc-link capacitance value, no health state or life inferred",2,34,2016,Capacitance estimation for dc-link capacitors in a back-to-back converter based on Artificial Neural Network algorithm,Soliman Hammam; Wang Huai; Blaabjerg Frede,2016 IEEE 8th International Power Electronics and Motion Control Conference (IPEMC-ECCE As,proceedings-article,Al-Cap,Data-driven,S7-DataDriven,P2,NEED_MANUAL
10.1109/imccc.2012.199,6,2,DOWNGRADED,"The claimed L6 rests entirely on the title phrase 'Life Prediction', which is exactly the inflation the grading rule warns against. The retrieved verbatim abstract shows the delivered method is parameter estimation only: 'The main idea of this paper is to calculate the value of ESR and C using the inverter based on Recursive Least Square (RLS) method whenever the motor is stopped. The proposed str",2,medium,title explicitly delivers life prediction in addition to fault diagnosis for dc-link Al caps,2,30,2012,Fault Diagnosis and Life Prediction of DC-link Aluminum Electrolytic Capacitors Used in Three-phase AC/DC/AC Converters,Yu Yong; Zhou Tao; Zhu Mingjun; Xu Dianguo,"2012 Second International Conference on Instrumentation, Measurement, Computer, Communicat",proceedings-article,Al-Cap,Physics-informed/PoF,S6-RUL,P1,NEED_MANUAL
10.1109/ectc.1998.678924,2,2,,,0,low,high-frequency characterization technique yields impedance/equivalent-circuit parameters; no degradation assessment,2,29,,A new technique for high frequency characterization of capacitors,Li Y.L.; Figueroa D.G.; Rodriguez J.P.; Huang L. et al.,1998 Proceedings. 48th Electronic Components and Technology Conference (Cat. No.98CH36206),proceedings-article,NR,Experimental/Physics,Background,P3,NEED_MANUAL
10.1109/tpel.2021.3118602,2,2,,,0,low,MMC submodule capacitor monitoring; defensible output is estimated capacitance despite 'health' wording in title,2,28,2022,Condition Health Monitoring of Modular Multilevel Converter Submodule Capacitors,Polanco Ignacio; Dujic Drazen,IEEE Transactions on Power Electronics,journal-article,NR,Signal/Circuit,S4-OnlineCM,P2,NEED_MANUAL
10.1049/iet-pel.2017.0528,2,2,,,0,high,abstract states hybrid model-based non-invasive identification of passive component parameters (C/ESR),2,21,2018,Modified hybrid model of boost converters for parameter identification of passive components,Ren Lei; Gong Chunying,IET Power Electronics,journal-article,Al-Cap,Model-based/Filtering,S4-OnlineCM,P2,NEED_MANUAL
10.1109/iecon.2009.5414963,2,2,,,0,medium,'state condition estimation' in this group's work means extracting ESR/C of the Al cap in the ATX supply,2,19,2009,State condition estimation of aluminum electrolytic capacitors used on the primary side of ATX power supplies,Amaral Acacio M. R.; Cardoso A. J. Marques,2009 35th Annual Conference of IEEE Industrial Electronics,proceedings-article,Al-Cap,Signal/Circuit,S4-OnlineCM,P3,NEED_MANUAL
10.1109/pesc.2005.1582038,2,2,,,0,medium,hybrid-model identification of circuit parameters (including capacitance/ESR); no health decision produced,2,18,,Parameter Identification of Power Electronic Circuits Based on Hybrid Model,Hao Ma; Xingyun Mao; Ni Zhang; Dehong Xu,"IEEE 36th Conference on Power Electronics Specialists, 2005.",proceedings-article,NR,Model-based/Filtering,S4-OnlineCM,P2,NEED_MANUAL
10.1109/tcsii.2020.3040428,2,2,,,0,medium,switching-signal-based monitoring of MMC submodule capacitors outputs estimated capacitance,2,18,2021,Switching Signals Based Condition Monitoring for Submodule Capacitors in Modular Multilevel Converters,Geng Zhi; Han Minxiao; Zhou Guangyang,IEEE Transactions on Circuits and Systems II: Express Briefs,journal-article,NR,Signal/Circuit,S4-OnlineCM,P2,NEED_MANUAL
10.1109/powereng.2009.4915158,2,2,,,0,high,title states the output is an estimated ESR value using SPWM excitation,2,17,2009,Using a sinosoidal PWM to estimate the ESR of Aluminum electrolytic capacitors,Amaral Acacio M. R.; Cardoso A. J. Marques,"2009 International Conference on Power Engineering, Energy and Electrical Drives",proceedings-article,Al-Cap,Signal/Circuit,S4-OnlineCM,P3,NEED_MANUAL
10.1109/ipemc-ecceasia48364.2020.9367704,2,2,,,0,high,four-sampling-point scheme computes submodule capacitance online,2,15,2020,Online Monitoring for Sub-module Capacitance in Modular Multilevel Converter with Four Sampling Points of Capacitor Voltage,Xin Xikai; Yang Yunxiao; Ma Ke; He Bin,2020 IEEE 9th International Power Electronics and Motion Control Conference (IPEMC2020-ECC,proceedings-article,NR,Signal/Circuit,S4-OnlineCM,P3,NEED_MANUAL
10.1109/tpwrd.2022.3176001,2,2,,,0,low,hierarchic monitoring of HV MMC capacitors; defensible output is per-submodule capacitance (possible fault localisation not confirmed by title),2,14,2022,A Hierarchic Capacitor Condition Monitoring Strategy for High-Voltage Modular Multilevel Converters,Geng Zhi; Han Minxiao; Xie Wenqiang; Sun Tiankui,IEEE Transactions on Power Delivery,journal-article,NR,Model-based/Filtering,S4-OnlineCM,P2,NEED_MANUAL
10.1109/icit.2015.7125215,2,2,,,0,low,online capacitor condition monitoring in a PV system; expected output is ESR/C estimate,2,13,2015,An online technique for condition monitoring of capacitor in PV system,Ahmad Md Waseem; Arya Abhinav; Anand Sandeep,2015 IEEE International Conference on Industrial Technology (ICIT),proceedings-article,Al-Cap,Signal/Circuit,S4-OnlineCM,P3,NEED_MANUAL
10.1109/iecon.2017.8216161,2,2,,,0,low,generic MMC capacitor monitoring paper; defensible output is estimated submodule capacitance,2,13,2017,Capacitor monitoring for modular multilevel converters,Deng Fujin; Liu Dong; Wang Yanbo; Chen Zhe et al.,IECON 2017 - 43rd Annual Conference of the IEEE Industrial Electronics Society,proceedings-article,NR,Signal/Circuit,S4-OnlineCM,P3,NEED_MANUAL
10.1109/iecon.2005.1569015,2,2,,,0,medium,LMS adaptive filter identifies the capacitor model parameters (ESR) from ripple signals,2,12,2005,LMS based condition monitoring of electrolytic capacitor,Imam A.M.; Habetler T.G.; Harley R.G.; Divan D.M.,"31st Annual Conference of IEEE Industrial Electronics Society, 2005. IECON 2005.",proceedings-article,Al-Cap,Model-based/Filtering,S4-OnlineCM,P2,NEED_MANUAL
10.1109/peds.2005.1619949,2,2,,,0,medium,instrument that measures ESR at high frequency; delivers the parameter but no health inference,2,12,,An ESR Meter for High Frequencies,Amaral A.M.R.; Marques Cardoso A.J.,2005 International Conference on Power Electronics and Drives Systems,proceedings-article,NR,Experimental/Physics,Background,P3,NEED_MANUAL
10.1109/ecce.2014.6953873,2,2,,,0,high,"identifies ESR and C of the buck output capacitor, i.e. parameter estimation only",2,9,2014,A novel online ESR and C identification method for output capacitor of buck converter,Kai Yao; Wenbin Hu; Weijie Tang; Jianguo Lyu et al.,2014 IEEE Energy Conversion Congress and Exposition (ECCE),proceedings-article,Al-Cap,Signal/Circuit,S4-OnlineCM,P3,NEED_MANUAL
10.1109/cpe.2016.7544180,2,2,,,0,medium,"condition monitoring exploiting the H5 inverter zero state yields a capacitor parameter (C/ESR) estimate, no explicit degraded/healthy decision claimed",2,9,2016,Condition monitoring of dc-link capacitor utilizing zero state of solar PV H5 inverter,Agarwal Nikunj; Ahmad Md. Waseem; Anand Sandeep,"2016 10th International Conference on Compatibility, Power Electronics and Power Engineeri",proceedings-article,Al-Cap,Signal/Circuit,S4-OnlineCM,P3,NEED_MANUAL
10.1109/iecon.2019.8927539,2,2,,,0,medium,submodule capacitor monitoring in full-bridge MMC outputs estimated capacitance per submodule,2,9,2019,Capacitor Monitoring for Full-Bridge Submodule Based Modular Multilevel Converters,Yin Chengwei; Deng Fujin; Yu Qiang; Lv Yongqing et al.,IECON 2019 - 45th Annual Conference of the IEEE Industrial Electronics Society,proceedings-article,NR,Model-based/Filtering,S4-OnlineCM,P3,NEED_MANUAL
10.1109/ias.2007.346,2,2,,,0,high,title explicitly delivers an ESR estimate via simplified regression models,2,8,2007,ESR Estimation Method for DC/DC Converters Through Simplified Regression Models,Buiatti G. M.; Amaral A. M. R.; Cardoso A.J. C.,2007 IEEE Industry Applications Annual Meeting,proceedings-article,Al-Cap,Model-based/Filtering,S4-OnlineCM,P3,NEED_MANUAL
10.1109/phm-chongqing.2018.00143,2,2,,,0,medium,"online output-capacitor monitor for a buck converter; defensible output is an ESR/C estimate, nothing in the title indicates SOH or RUL",2,5,2018,Online Output Capacitor Monitor for Buck DC-DC Converter,Gao Jun; Huang Daoping; Lu Jiafeng,2018 Prognostics and System Health Management Conference (PHM-Chongqing),proceedings-article,Al-Cap,Signal/Circuit,S4-OnlineCM,P3,NEED_MANUAL
10.1109/tpel.2020.3009600,2,2,,,0,medium,"digital twin estimates converter health indicators (capacitance/ESR-type parameters); title claims estimation of indicators, not a normalised SOH or RUL",1,296,2021,A Digital Twin Based Estimation Method for Health Indicators of DC–DC Converters,Peng Yingzhou; Zhao Shuai; Wang Huai,IEEE Transactions on Power Electronics,journal-article,NR,Digital-twin,S4-OnlineCM,P1,NEED_MANUAL
10.1109/tpel.2009.2017806,2,2,,,0,medium,ANN estimates converter passive-component values (capacitance/ESR) as the monitoring output,1,74,2009,Condition Monitoring of Power Electronic Circuits Using Artificial Neural Networks,Mohagheghi S.; Harley R.G.; Habetler T.G.; Divan D.,IEEE Transactions on Power Electronics,journal-article,Al-Cap,Data-driven,S7-DataDriven,P1,NEED_MANUAL
10.1109/ecce.2019.8912199,2,2,,,0,low,"digital-twin condition monitoring of a DC-DC converter, defensible output is estimated passive-component parameters",1,44,2019,Application of Digital Twin Concept in Condition Monitoring for DC-DC Converter,Peng Yingzhou; Wang Huai,2019 IEEE Energy Conversion Congress and Exposition (ECCE),proceedings-article,NR,Digital-twin,S4-OnlineCM,P2,NEED_MANUAL
10.1109/tim.2020.3001368,5,2,DOWNGRADED,"Retrieved abstract refutes L5. The contribution is (a) a continuous characterization setup that monitors capacitance and ESR throughout an accelerated aging test, and (b) a conditional deep neural network with dropout that 'dynamically predict[s] the accelerated aging conditions at different elevated temperatures and voltages', reducing measurement time from 1000 h to 200 h. The output is forecast",2,low,"deep network predicts capacitor accelerated-aging state from measurements; degradation-state output defensible, time-to-failure not evidenced in title",1,39,2020,Prediction of Capacitor’s Accelerated Aging Based on Advanced Measurements and Deep Neural Network Techniques,Liu Hao; Claeys Tim; Pissoort Davy; Vandenbosch Guy A. E.,IEEE Transactions on Instrumentation and Measurement,journal-article,NR,Data-driven,S7-DataDriven,P2,NEED_MANUAL
10.1016/j.microrel.2017.11.002,6,2,DOWNGRADED,"Khera & Khan, Microelectron. Reliab. 81:328-336 (2018). Verified abstract content (S2 TLDR + two independent abstract retrievals): they build a test bed where target capacitors sit in the output section of a DC/DC buck converter under varied frequency and temperature, and train a back-propagation ANN offline to DETERMINE/ESTIMATE the ESR of pristine and weak target capacitors at test conditions; '",2,medium,"title states prognostics of Al-electrolytic capacitors via ANN, i.e. life prediction as the delivered output",1,30,2018,Prognostics of aluminum electrolytic capacitors using artificial neural network approach,Khera Neeraj; Khan Shakeb A.,Microelectronics Reliability,journal-article,Al-Cap,Data-driven,S6-RUL,P1,NEED_MANUAL
10.1109/tpel.2024.3409534,2,2,,,0,high,output is estimated capacitor parameters (C/ESR) from wavelet features via CNN; no SOH or RUL claimed in title,1,22,2024,Capacitor Parameter Estimation Based on Wavelet Transform and Convolution Neural Network,Xia Hongjian; Zhang Yi; Chen Minyou; Luo Dan et al.,IEEE Transactions on Power Electronics,journal-article,NR,Data-driven,S7-DataDriven,P1,NEED_MANUAL
10.1109/phm2022-london52454.2022.00053,2,2,,,0,medium,"PINN identifies circuit parameters (capacitance/ESR) of a degrading DC-DC converter; output is the parameter, not SOH or RUL",1,17,2022,Circuit Parameter Identification of Degrading DC-DC Converters Based on Physics-informed Neural Network,Chen Shaowei; Zhang Jinling; Wang Shengyue; Wen Pengfei et al.,2022 Prognostics and Health Management Conference (PHM-2022 London),proceedings-article,NR,Physics-informed/PoF,S8-PhysicsInformed,P1,NEED_MANUAL
10.36001/phme.2012.v1i1.1423,5,2,DOWNGRADED,"Kulkarni, Celaya, Goebel & Biswas, PHME 2012. I read the full NTRS text (local copy: kulkarni2012.txt). Delivered output is a first-principles degradation model D1 linking thermal-aging time to electrolyte volume loss and hence to capacitance, with a quadratic volume model V_k = th1 + th2*t + th3*t^2 fitted by nonlinear least squares over 14 capacitors and cross-validated on the 15th (Table 1 repo",2,low,"delivers physics-based C/ESR degradation-state models for electrolytic capacitors under thermal overstress; RUL is framed as the enabled study, not the paper's output",1,15,2012,Physics Based Electrolytic Capacitor Degradation Models for Prognostic Studies under Thermal Overstress,Kulkarni Chetan S.; Celaya José R.; Goebel Kai; Biswas Gautam,PHM Society European Conference,journal-article,Al-Cap,Physics-informed/PoF,S2-FailurePhysics,P1,HELD
10.1109/ecce.2009.5316418,2,2,,,0,medium,"Kalman filter estimates capacitor parameters online in a UPS; predictive maintenance is the stated application framing, not the demonstrated output",1,7,2009,Kalman filter used for on line monitoring and predictive maintenance system of aluminium electrolytic capacitors in UPS,Abdennadher K.; Venet P.; Rojat G.; Retif J.M. et al.,2009 IEEE Energy Conversion Congress and Exposition,proceedings-article,Al-Cap,Model-based/Filtering,S4-OnlineCM,P2,NEED_MANUAL
10.1109/picc57976.2023.10142579,2,2,,,0,low,digital-twin replica of the submodule compares modeled and measured behavior to estimate submodule capacitance,1,5,2023,Condition Monitoring of Submodule Capacitors in Modular Multilevel Converter Using Digital Twin,Painuly Manish; Rajendran Saravanakumar; Jena Debashisha,"2023 International Conference on Power, Instrumentation, Control and Computing (PICC)",proceedings-article,NR,Digital-twin,S4-OnlineCM,P2,NEED_MANUAL
10.3390/en15228564,2,2,,,0,high,"abstract states the ANN outputs C and ESR estimates, with health assessed only by user comparison against original values",1,4,2022,Investigation on C and ESR Estimation of DC-Link Capacitor in Maglev Choppers Using Artificial Neural Network,Chen Xiaoyu; Yang Xin; Zhang Yue,Energies,journal-article,NR,Data-driven,S7-DataDriven,P2,OA_PENDING
10.1109/ecce50734.2022.9947826,1,1,,,0,low,"delivers optimal feature/health-indicator selection from converter circuit signals, stopping short of a quantified parameter estimate",1,10,2022,Converter Circuits to Machine Learning: Optimal Feature Selection,Khamis Ahmed K.; Agamy Mohammed,2022 IEEE Energy Conversion Congress and Exposition (ECCE),proceedings-article,NR,Data-driven,S3-HealthIndicators,P3,NEED_MANUAL
10.1109/tia.2002.802922,0,0,,,0,low,a construction/application study of service life; it delivers no in-situ health inference or condition-based life estimate,4,84,2002,The service life of large aluminum electrolytic capacitors: effects of construction and application,Stevens J.L.; Shaffer J.S.; Vandenham J.T.,IEEE Transactions on Industry Applications,journal-article,Al-Cap,Experimental/Physics,S2-FailurePhysics,P2,NEED_MANUAL
10.1109/tdmr.2006.876612,0,0,,,0,medium,"failure-physics study linking corrosion to catastrophic failure; characterisation only, no health inference method",3,76,2006,Linking Corrosion and Catastrophic Failure in Low-Power Metallized Polypropylene Capacitors,Brown R.W.,IEEE Transactions on Device and Materials Reliability,journal-article,Film,Experimental/Physics,S2-FailurePhysics,P2,NEED_MANUAL
10.1109/tpmp.1965.1135396,0,0,,,0,medium,"classic chemistry/mechanism study of Al-cap failure; describes degradation physics, delivers no health inference or estimator",2,32,1965,The Chemistry of Failure of Aluminum Electrolytic Capacitors,Alwitt R.; Hills R.,"IEEE Transactions on Parts, Materials and Packaging",journal-article,Al-Cap,Experimental/Physics,S2-FailurePhysics,P2,NEED_MANUAL
10.1016/j.microrel.2020.113737,0,0,,,0,low,"extracts a lumped thermal RC network for design use; outputs a thermal model, no health inference or degradation parameter",2,11,2020,A method to extract lumped thermal networks of capacitors for reliability oriented design,Delmonte N.; Cabezuelo D.; Kortabarria I.; Santoro D. et al.,Microelectronics Reliability,journal-article,NR,Experimental/Physics,S2-FailurePhysics,P2,NEED_MANUAL
10.1109/tpel.2010.2049377,-1,-1,,,0,medium,"a survey of condition-monitoring techniques, not a method that outputs any health quantity itself",6,1137,2010,Condition Monitoring for Device Reliability in Power Electronic Converters: A Review,Yang Shaoyong; Xiang Dawei; Bryant Angus; Mawby Philip et al.,IEEE Transactions on Power Electronics,journal-article,NR,Other,Background,P2,HELD
10.1109/tia.2014.2308357,-1,-1,,,0,high,"an overview of capacitor reliability, failure mechanisms and lifetime models; delivers no monitoring output of its own",5,1317,2014,Reliability of Capacitors for DC-Link Applications in Power Electronic Converters—An Overview,Wang Huai; Blaabjerg Frede,IEEE Transactions on Industry Applications,journal-article,mixed,Other,S2-FailurePhysics,P1,HELD
10.1109/tia.2011.2124436,-1,-1,,,0,medium,"an industry reliability survey reporting component failure statistics, not a health-inference method",4,1852,2011,An Industry-Based Survey of Reliability in Power Electronic Converters,Shaoyong Yang; Bryant A; Mawby P; Dawei Xiang et al.,IEEE Transactions on Industry Applications,journal-article,NR,Other,Background,P2,NEED_MANUAL
10.1109/tia.2016.2591906,-1,-1,,,0,high,"a review of capacitor condition-monitoring methods; delivers a taxonomy, not a monitoring output",4,262,2016,A Review of the Condition Monitoring of Capacitors in Power Electronic Converters,Soliman Hammam; Wang Huai; Blaabjerg Frede,IEEE Transactions on Industry Applications,journal-article,mixed,Other,S4-OnlineCM,P1,HELD
10.1109/tvt.2012.2206082,-1,-1,,,0,medium,a technology comparison and sizing evaluation of DC-link capacitors for EV drives; no health state is inferred,4,254,2012,Analysis and Evaluation of DC-Link Capacitors for High-Power-Density Electric Vehicle Drive Systems,Huiqing Wen; Weidong Xiao; Xuhui Wen; Armstrong P.,IEEE Transactions on Vehicular Technology,journal-article,mixed,Experimental/Physics,S2-FailurePhysics,P3,NEED_MANUAL
10.1109/tpel.2020.3023469,-1,-1,,,0,high,overview/review of dc-link capacitor CM techniques; surveys methods rather than delivering a PHM output of its own,3,252,2021,An Overview of Condition Monitoring Techniques for Capacitors in DC-Link Applications,Zhao Zhaoyang; Davari Pooya; Lu Weiguo; Wang Huai et al.,IEEE Transactions on Power Electronics,journal-article,mixed,Other,S4-OnlineCM,P1,HELD
10.1109/tpel.2013.2262057,-1,-1,,,0,high,converter topology paper on shrinking dc-link capacitance with a series voltage compensator; no health inference at all,3,210,2014,Use of a Series Voltage Compensator for Reduction of the DC-Link Capacitance in a Capacitor-Supported System,Huai Wang; Chung Henry Shu-Hung; Wenchao Liu,IEEE Transactions on Power Electronics,journal-article,NR,Other,Background,P3,OA_PENDING
10.1109/mei.2010.5383924,-1,-1,,,0,high,historical/technology survey of capacitor types with no health inference or monitoring method,2,250,2010,Historical introduction to capacitor technology,Ho J.; Jow T.R.; Boggs S.,IEEE Electrical Insulation Magazine,journal-article,mixed,Other,Background,P3,NEED_MANUAL
10.1115/ipack2018-8262,-1,-1,,,0,high,review of failure modes and degradation models for film and electrolytic capacitors; surveys rather than delivers a PHM output,2,83,2018,A Review of Degradation Behavior and Modeling of Capacitors,Gupta Anunay; Yadav Om Prakash; DeVoto Douglas; Major Joshua,ASME 2018 International Technical Conference and Exhibition on Packaging and Integration o,proceedings-article,mixed,Other,S2-FailurePhysics,P1,OA_PENDING
10.1109/tste.2014.2347967,-1,-1,,,0,medium,"design-stage performance/technology comparison of electrolytic vs film DC-link capacitors in PV inverters, no health inference from measurement",2,70,2014,Performance Evaluation of Three-Phase Grid-Connected Photovoltaic Inverters Using Electrolytic or Polypropylene Film Capacitors,Karanayil Baburaj; Agelidis Vassilios G.; Pou Josep,IEEE Transactions on Sustainable Energy,journal-article,mixed,Experimental/Physics,Background,P3,NEED_MANUAL
10.1109/access.2020.2989410,-1,-1,,,0,medium,component-agnostic review of prognostics and condition monitoring; no method output of its own,2,68,2020,Review of Health Prognostics and Condition Monitoring of Electronic Components,Bhargava Cherry; Sharma Pardeep Kumar; Senthilkumar Mohan; Padmanaban Sanjeevikumar et al.,IEEE Access,journal-article,mixed,Other,Background,P2,OA_PENDING
10.1007/s00202-004-0265-z,-1,-1,,,0,medium,"empirical equivalent-circuit model of ESR/C versus temperature and aging time; supplies a model, does not infer health from measurements",2,41,2006,Simple model of an electrolytic capacitor taking into account the temperature and aging time,Perisse F.; Venet P.; Rojat G.; Rétif J. M.,Electrical Engineering,journal-article,Al-Cap,Experimental/Physics,S2-FailurePhysics,P2,NEED_MANUAL
10.1016/j.egyr.2021.10.116,-1,-1,,,0,medium,digital-twin framework and prospects paper for metallized film capacitor development; no health capability is actually delivered,1,23,2021,"Digital twin accelerating development of metallized film capacitor: Key issues, framework design and prospects",Zhang Yong-Xin; Feng Qi-Kun; Zhong Shao-Long; Pei Jia-Yao et al.,Energy Reports,journal-article,Film,Digital-twin,S8-PhysicsInformed,P2,NEED_MANUAL
